{
"type": "FeatureCollection",
"name": "Photos_2025",
"crs": { "type": "name", "properties": { "name": "urn:ogc:def:crs:OGC:1.3:CRS84" } },
"features": [
{ "type": "Feature", "properties": { "fid": 1, "photo": "C:\\FHMP\\Interactive_map\\photos\\2025\\JBW2a_NE_20250519_114354.jpg", "filename": "JBW2a_NE_20250519_114354", "directory": "C:\\FHMP\\Interactive_map\\photos\\2025", "altitude": 122.0, "direction": null, "rotation": 90, "longitude": "115.70784469444445", "latitude": "-33.899675611111114", "timestamp": "2025-05-19T03:43:54Z" }, "geometry": { "type": "Point", "coordinates": [ 115.707844694444447, -33.899675611111114, 122.0 ] } },
{ "type": "Feature", "properties": { "fid": 2, "photo": "C:\\FHMP\\Interactive_map\\photos\\2025\\JBW2a_NW_20250519_135808.jpg", "filename": "JBW2a_NW_20250519_135808", "directory": "C:\\FHMP\\Interactive_map\\photos\\2025", "altitude": 89.0, "direction": null, "rotation": 90, "longitude": "115.70666069444445", "latitude": "-33.899751305555554", "timestamp": "2025-05-19T05:58:08Z" }, "geometry": { "type": "Point", "coordinates": [ 115.706660694444452, -33.899751305555554, 89.0 ] } },
{ "type": "Feature", "properties": { "fid": 3, "photo": "C:\\FHMP\\Interactive_map\\photos\\2025\\JBW2a_SE_20250519_171038.jpg", "filename": "JBW2a_SE_20250519_171038", "directory": "C:\\FHMP\\Interactive_map\\photos\\2025", "altitude": 119.0, "direction": null, "rotation": 90, "longitude": "115.70780538888889", "latitude": "-33.9005849", "timestamp": "2025-05-19T09:10:38Z" }, "geometry": { "type": "Point", "coordinates": [ 115.707805388888886, -33.9005849, 119.0 ] } },
{ "type": "Feature", "properties": { "fid": 4, "photo": "C:\\FHMP\\Interactive_map\\photos\\2025\\JBW2a_SE_20250522_145509.jpg", "filename": "JBW2a_SE_20250522_145509", "directory": "C:\\FHMP\\Interactive_map\\photos\\2025", "altitude": 133.0, "direction": null, "rotation": 90, "longitude": "115.70770069444444", "latitude": "-33.9006709", "timestamp": "2025-05-22T06:55:09Z" }, "geometry": { "type": "Point", "coordinates": [ 115.707700694444441, -33.9006709, 133.0 ] } },
{ "type": "Feature", "properties": { "fid": 5, "photo": "C:\\FHMP\\Interactive_map\\photos\\2025\\JBW2a_SW_20250519_163935.jpg", "filename": "JBW2a_SW_20250519_163935", "directory": "C:\\FHMP\\Interactive_map\\photos\\2025", "altitude": 114.0, "direction": null, "rotation": 90, "longitude": "115.70672580555556", "latitude": "-33.9005888", "timestamp": "2025-05-19T08:39:35Z" }, "geometry": { "type": "Point", "coordinates": [ 115.706725805555564, -33.9005888, 114.0 ] } },
{ "type": "Feature", "properties": { "fid": 6, "photo": "C:\\FHMP\\Interactive_map\\photos\\2025\\JBW2b_NE_20250523_100043.jpg", "filename": "JBW2b_NE_20250523_100043", "directory": "C:\\FHMP\\Interactive_map\\photos\\2025", "altitude": null, "direction": null, "rotation": 90, "longitude": "115.66508800000001", "latitude": "-33.919270399999995", "timestamp": "2025-05-23T02:00:43Z" }, "geometry": { "type": "Point", "coordinates": [ 115.665088, -33.9192704, 0.0 ] } },
{ "type": "Feature", "properties": { "fid": 7, "photo": "C:\\FHMP\\Interactive_map\\photos\\2025\\JBW2b_NW_20250523_114858.jpg", "filename": "JBW2b_NW_20250523_114858", "directory": "C:\\FHMP\\Interactive_map\\photos\\2025", "altitude": null, "direction": null, "rotation": 90, "longitude": "115.6641663888889", "latitude": "-33.9192544", "timestamp": "2025-05-23T03:48:58Z" }, "geometry": { "type": "Point", "coordinates": [ 115.664166388888901, -33.9192544, 0.0 ] } },
{ "type": "Feature", "properties": { "fid": 8, "photo": "C:\\FHMP\\Interactive_map\\photos\\2025\\JBW2b_SE_20250523_081854.jpg", "filename": "JBW2b_SE_20250523_081854", "directory": "C:\\FHMP\\Interactive_map\\photos\\2025", "altitude": 94.0, "direction": null, "rotation": 90, "longitude": "115.66500411111112", "latitude": "-33.920245305555554", "timestamp": "2025-05-23T00:18:54Z" }, "geometry": { "type": "Point", "coordinates": [ 115.665004111111116, -33.920245305555554, 94.0 ] } },
{ "type": "Feature", "properties": { "fid": 9, "photo": "C:\\FHMP\\Interactive_map\\photos\\2025\\JBW2b_SW_20250523_135314.jpg", "filename": "JBW2b_SW_20250523_135314", "directory": "C:\\FHMP\\Interactive_map\\photos\\2025", "altitude": 79.0, "direction": null, "rotation": 90, "longitude": "115.66397461111112", "latitude": "-33.920200888888886", "timestamp": "2025-05-23T05:53:14Z" }, "geometry": { "type": "Point", "coordinates": [ 115.663974611111115, -33.920200888888886, 79.0 ] } },
{ "type": "Feature", "properties": { "fid": 10, "photo": "C:\\FHMP\\Interactive_map\\photos\\2025\\JBW2c_NE_20250526_113603.jpg", "filename": "JBW2c_NE_20250526_113603", "directory": "C:\\FHMP\\Interactive_map\\photos\\2025", "altitude": 125.0, "direction": null, "rotation": 90, "longitude": "115.69446869444445", "latitude": "-33.90375761111111", "timestamp": "2025-05-26T03:36:03Z" }, "geometry": { "type": "Point", "coordinates": [ 115.694468694444453, -33.903757611111111, 125.0 ] } },
{ "type": "Feature", "properties": { "fid": 11, "photo": "C:\\FHMP\\Interactive_map\\photos\\2025\\JBW2c_NW_20250526_155958.jpg", "filename": "JBW2c_NW_20250526_155958", "directory": "C:\\FHMP\\Interactive_map\\photos\\2025", "altitude": 116.0, "direction": null, "rotation": 90, "longitude": "115.693416", "latitude": "-33.90370319444445", "timestamp": "2025-05-26T07:59:59Z" }, "geometry": { "type": "Point", "coordinates": [ 115.693416, -33.903703194444446, 116.0 ] } },
{ "type": "Feature", "properties": { "fid": 12, "photo": "C:\\FHMP\\Interactive_map\\photos\\2025\\JBW2c_SE_20250526_123951.jpg", "filename": "JBW2c_SE_20250526_123951", "directory": "C:\\FHMP\\Interactive_map\\photos\\2025", "altitude": 124.0, "direction": null, "rotation": 90, "longitude": "115.6944515", "latitude": "-33.90464880555555", "timestamp": "2025-05-26T04:39:52Z" }, "geometry": { "type": "Point", "coordinates": [ 115.6944515, -33.904648805555553, 124.0 ] } },
{ "type": "Feature", "properties": { "fid": 13, "photo": "C:\\FHMP\\Interactive_map\\photos\\2025\\JBW2c_SW_20250526_143516.jpg", "filename": "JBW2c_SW_20250526_143516", "directory": "C:\\FHMP\\Interactive_map\\photos\\2025", "altitude": 109.0, "direction": null, "rotation": 90, "longitude": "115.69342011111111", "latitude": "-33.90465611111111", "timestamp": "2025-05-26T06:35:16Z" }, "geometry": { "type": "Point", "coordinates": [ 115.693420111111109, -33.904656111111109, 109.0 ] } },
{ "type": "Feature", "properties": { "fid": 14, "photo": "C:\\FHMP\\Interactive_map\\photos\\2025\\JBW3a_NE_20250528_095003.jpg", "filename": "JBW3a_NE_20250528_095003", "directory": "C:\\FHMP\\Interactive_map\\photos\\2025", "altitude": 129.0, "direction": null, "rotation": 90, "longitude": "115.4973945", "latitude": "-34.02240480555555", "timestamp": "2025-05-28T01:50:03Z" }, "geometry": { "type": "Point", "coordinates": [ 115.4973945, -34.022404805555553, 129.0 ] } },
{ "type": "Feature", "properties": { "fid": 15, "photo": "C:\\FHMP\\Interactive_map\\photos\\2025\\JBW3a_NW_20250528_081835.jpg", "filename": "JBW3a_NW_20250528_081835", "directory": "C:\\FHMP\\Interactive_map\\photos\\2025", "altitude": 127.0, "direction": null, "rotation": 90, "longitude": "115.49628519444444", "latitude": "-34.02239430555556", "timestamp": "2025-05-28T00:18:35Z" }, "geometry": { "type": "Point", "coordinates": [ 115.49628519444444, -34.022394305555558, 127.0 ] } },
{ "type": "Feature", "properties": { "fid": 16, "photo": "C:\\FHMP\\Interactive_map\\photos\\2025\\JBW3a_SE_20250528_105713.jpg", "filename": "JBW3a_SE_20250528_105713", "directory": "C:\\FHMP\\Interactive_map\\photos\\2025", "altitude": 122.0, "direction": null, "rotation": 90, "longitude": "115.4973533888889", "latitude": "-34.023289", "timestamp": "2025-05-28T02:57:13Z" }, "geometry": { "type": "Point", "coordinates": [ 115.497353388888897, -34.023289, 122.0 ] } },
{ "type": "Feature", "properties": { "fid": 17, "photo": "C:\\FHMP\\Interactive_map\\photos\\2025\\JBW3a_SW_20250528_124431.jpg", "filename": "JBW3a_SW_20250528_124431", "directory": "C:\\FHMP\\Interactive_map\\photos\\2025", "altitude": 113.0, "direction": null, "rotation": 90, "longitude": "115.49632269444444", "latitude": "-34.0232835", "timestamp": "2025-05-28T04:44:31Z" }, "geometry": { "type": "Point", "coordinates": [ 115.496322694444444, -34.0232835, 113.0 ] } },
{ "type": "Feature", "properties": { "fid": 18, "photo": "C:\\FHMP\\Interactive_map\\photos\\2025\\JBW3b_NE_20250527_154803.jpg", "filename": "JBW3b_NE_20250527_154803", "directory": "C:\\FHMP\\Interactive_map\\photos\\2025", "altitude": 118.0, "direction": null, "rotation": 90, "longitude": "115.5194465", "latitude": "-33.96309738888889", "timestamp": "2025-05-27T07:48:03Z" }, "geometry": { "type": "Point", "coordinates": [ 115.5194465, -33.96309738888889, 118.0 ] } },
{ "type": "Feature", "properties": { "fid": 19, "photo": "C:\\FHMP\\Interactive_map\\photos\\2025\\JBW3b_NW_20250527_082607.jpg", "filename": "JBW3b_NW_20250527_082607", "directory": "C:\\FHMP\\Interactive_map\\photos\\2025", "altitude": 122.0, "direction": null, "rotation": 90, "longitude": "115.5183361", "latitude": "-33.963130694444445", "timestamp": "2025-05-27T00:26:07Z" }, "geometry": { "type": "Point", "coordinates": [ 115.5183361, -33.963130694444445, 122.0 ] } },
{ "type": "Feature", "properties": { "fid": 20, "photo": "C:\\FHMP\\Interactive_map\\photos\\2025\\JBW3b_SE_20250527_130617.jpg", "filename": "JBW3b_SE_20250527_130617", "directory": "C:\\FHMP\\Interactive_map\\photos\\2025", "altitude": 103.0, "direction": null, "rotation": 90, "longitude": "115.5193439", "latitude": "-33.96407888888889", "timestamp": "2025-05-27T05:06:17Z" }, "geometry": { "type": "Point", "coordinates": [ 115.5193439, -33.964078888888892, 103.0 ] } },
{ "type": "Feature", "properties": { "fid": 21, "photo": "C:\\FHMP\\Interactive_map\\photos\\2025\\JBW3b_SW_20250527_102407.jpg", "filename": "JBW3b_SW_20250527_102407", "directory": "C:\\FHMP\\Interactive_map\\photos\\2025", "altitude": 126.0, "direction": null, "rotation": 90, "longitude": "115.518283", "latitude": "-33.964026000000004", "timestamp": "2025-05-27T02:24:08Z" }, "geometry": { "type": "Point", "coordinates": [ 115.518283, -33.964026, 126.0 ] } },
{ "type": "Feature", "properties": { "fid": 22, "photo": "C:\\FHMP\\Interactive_map\\photos\\2025\\JBW3c_NE_20250528_152040.jpg", "filename": "JBW3c_NE_20250528_152040", "directory": "C:\\FHMP\\Interactive_map\\photos\\2025", "altitude": null, "direction": null, "rotation": 90, "longitude": "115.48673280555556", "latitude": "-34.006368", "timestamp": "2025-05-28T07:20:41Z" }, "geometry": { "type": "Point", "coordinates": [ 115.486732805555562, -34.006368, 0.0 ] } },
{ "type": "Feature", "properties": { "fid": 23, "photo": "C:\\FHMP\\Interactive_map\\photos\\2025\\JBW3c_NW_20250529_084515.jpg", "filename": "JBW3c_NW_20250529_084515", "directory": "C:\\FHMP\\Interactive_map\\photos\\2025", "altitude": 90.0, "direction": null, "rotation": 90, "longitude": "115.48561360000001", "latitude": "-34.00634461111111", "timestamp": "2025-05-29T00:45:15Z" }, "geometry": { "type": "Point", "coordinates": [ 115.4856136, -34.006344611111111, 90.0 ] } },
{ "type": "Feature", "properties": { "fid": 24, "photo": "C:\\FHMP\\Interactive_map\\photos\\2025\\JBW3c_SE_20250528_141730.jpg", "filename": "JBW3c_SE_20250528_141730", "directory": "C:\\FHMP\\Interactive_map\\photos\\2025", "altitude": null, "direction": null, "rotation": 90, "longitude": "115.48672", "latitude": "-34.007235111111115", "timestamp": "2025-05-28T06:17:30Z" }, "geometry": { "type": "Point", "coordinates": [ 115.48672, -34.007235111111115, 0.0 ] } },
{ "type": "Feature", "properties": { "fid": 25, "photo": "C:\\FHMP\\Interactive_map\\photos\\2025\\JBW3c_SW_20250529_101218.jpg", "filename": "JBW3c_SW_20250529_101218", "directory": "C:\\FHMP\\Interactive_map\\photos\\2025", "altitude": 105.0, "direction": null, "rotation": 90, "longitude": "115.4856237", "latitude": "-34.00721219444444", "timestamp": "2025-05-29T02:12:19Z" }, "geometry": { "type": "Point", "coordinates": [ 115.4856237, -34.007212194444442, 105.0 ] } },
{ "type": "Feature", "properties": { "fid": 26, "photo": "C:\\FHMP\\Interactive_map\\photos\\2025\\JBW4a_NE_20251016_151358.jpg", "filename": "JBW4a_NE_20251016_151358", "directory": "C:\\FHMP\\Interactive_map\\photos\\2025", "altitude": 94.0, "direction": null, "rotation": 90, "longitude": "115.2939376111111", "latitude": "-33.881847111111114", "timestamp": "2025-10-16T07:13:58Z" }, "geometry": { "type": "Point", "coordinates": [ 115.293937611111105, -33.881847111111114, 94.0 ] } },
{ "type": "Feature", "properties": { "fid": 27, "photo": "C:\\FHMP\\Interactive_map\\photos\\2025\\JBW4a_NE_20251016_151512.jpg", "filename": "JBW4a_NE_20251016_151512", "directory": "C:\\FHMP\\Interactive_map\\photos\\2025", "altitude": 164.0, "direction": null, "rotation": 90, "longitude": "115.29419438888888", "latitude": "-33.881877805555554", "timestamp": "2025-10-16T07:15:12Z" }, "geometry": { "type": "Point", "coordinates": [ 115.294194388888883, -33.881877805555554, 164.0 ] } },
{ "type": "Feature", "properties": { "fid": 28, "photo": "C:\\FHMP\\Interactive_map\\photos\\2025\\JBW4a_NE_20251016_151519.jpg", "filename": "JBW4a_NE_20251016_151519", "directory": "C:\\FHMP\\Interactive_map\\photos\\2025", "altitude": 164.0, "direction": null, "rotation": 90, "longitude": "115.29419438888888", "latitude": "-33.881877805555554", "timestamp": "2025-10-16T07:15:19Z" }, "geometry": { "type": "Point", "coordinates": [ 115.294194388888883, -33.881877805555554, 164.0 ] } },
{ "type": "Feature", "properties": { "fid": 29, "photo": "C:\\FHMP\\Interactive_map\\photos\\2025\\JBW4a_NE_20251016_151529.jpg", "filename": "JBW4a_NE_20251016_151529", "directory": "C:\\FHMP\\Interactive_map\\photos\\2025", "altitude": 164.0, "direction": null, "rotation": 90, "longitude": "115.29419438888888", "latitude": "-33.881877805555554", "timestamp": "2025-10-16T07:15:29Z" }, "geometry": { "type": "Point", "coordinates": [ 115.294194388888883, -33.881877805555554, 164.0 ] } },
{ "type": "Feature", "properties": { "fid": 30, "photo": "C:\\FHMP\\Interactive_map\\photos\\2025\\JBW4a_NE_20251016_151558.jpg", "filename": "JBW4a_NE_20251016_151558", "directory": "C:\\FHMP\\Interactive_map\\photos\\2025", "altitude": 164.0, "direction": null, "rotation": 90, "longitude": "115.29419438888888", "latitude": "-33.881877805555554", "timestamp": "2025-10-16T07:15:58Z" }, "geometry": { "type": "Point", "coordinates": [ 115.294194388888883, -33.881877805555554, 164.0 ] } },
{ "type": "Feature", "properties": { "fid": 31, "photo": "C:\\FHMP\\Interactive_map\\photos\\2025\\JBW4a_NE_20251016_152522.jpg", "filename": "JBW4a_NE_20251016_152522", "directory": "C:\\FHMP\\Interactive_map\\photos\\2025", "altitude": 116.0, "direction": null, "rotation": 90, "longitude": "115.2940221111111", "latitude": "-33.88191330555556", "timestamp": "2025-10-16T07:25:22Z" }, "geometry": { "type": "Point", "coordinates": [ 115.294022111111104, -33.881913305555557, 116.0 ] } },
{ "type": "Feature", "properties": { "fid": 32, "photo": "C:\\FHMP\\Interactive_map\\photos\\2025\\JBW4a_NW_20251016_100337.jpg", "filename": "JBW4a_NW_20251016_100337", "directory": "C:\\FHMP\\Interactive_map\\photos\\2025", "altitude": 97.0, "direction": null, "rotation": 90, "longitude": "115.29273119444444", "latitude": "-33.881750305555556", "timestamp": "2025-10-16T02:03:37Z" }, "geometry": { "type": "Point", "coordinates": [ 115.292731194444443, -33.881750305555556, 97.0 ] } },
{ "type": "Feature", "properties": { "fid": 33, "photo": "C:\\FHMP\\Interactive_map\\photos\\2025\\JBW4a_SE_20251016_112011.jpg", "filename": "JBW4a_SE_20251016_112011", "directory": "C:\\FHMP\\Interactive_map\\photos\\2025", "altitude": 99.0, "direction": null, "rotation": 90, "longitude": "115.29384580555555", "latitude": "-33.882719", "timestamp": "2025-10-16T03:20:11Z" }, "geometry": { "type": "Point", "coordinates": [ 115.293845805555549, -33.882719, 99.0 ] } },
{ "type": "Feature", "properties": { "fid": 34, "photo": "C:\\FHMP\\Interactive_map\\photos\\2025\\JBW4a_SW_20251013_163920.jpg", "filename": "JBW4a_SW_20251013_163920", "directory": "C:\\FHMP\\Interactive_map\\photos\\2025", "altitude": 71.0, "direction": null, "rotation": 90, "longitude": "115.2927441111111", "latitude": "-33.88275630555555", "timestamp": "2025-10-13T08:39:21Z" }, "geometry": { "type": "Point", "coordinates": [ 115.292744111111105, -33.882756305555553, 71.0 ] } },
{ "type": "Feature", "properties": { "fid": 35, "photo": "C:\\FHMP\\Interactive_map\\photos\\2025\\JBW4b_NE_20251013_122042.jpg", "filename": "JBW4b_NE_20251013_122042", "directory": "C:\\FHMP\\Interactive_map\\photos\\2025", "altitude": 45.0, "direction": null, "rotation": 90, "longitude": "115.27722238888889", "latitude": "-33.881079", "timestamp": "2025-10-13T04:20:42Z" }, "geometry": { "type": "Point", "coordinates": [ 115.277222388888887, -33.881079, 45.0 ] } },
{ "type": "Feature", "properties": { "fid": 36, "photo": "C:\\FHMP\\Interactive_map\\photos\\2025\\JBW4b_NW_20251013_153037.jpg", "filename": "JBW4b_NW_20251013_153037", "directory": "C:\\FHMP\\Interactive_map\\photos\\2025", "altitude": 69.0, "direction": null, "rotation": 90, "longitude": "115.2761333888889", "latitude": "-33.8808745", "timestamp": "2025-10-13T07:30:38Z" }, "geometry": { "type": "Point", "coordinates": [ 115.276133388888894, -33.8808745, 69.0 ] } },
{ "type": "Feature", "properties": { "fid": 37, "photo": "C:\\FHMP\\Interactive_map\\photos\\2025\\JBW4b_SE_20251013_094944.jpg", "filename": "JBW4b_SE_20251013_094944", "directory": "C:\\FHMP\\Interactive_map\\photos\\2025", "altitude": 84.0, "direction": null, "rotation": 90, "longitude": "115.27724988888889", "latitude": "-33.881703", "timestamp": "2025-10-13T01:49:44Z" }, "geometry": { "type": "Point", "coordinates": [ 115.277249888888889, -33.881703, 84.0 ] } },
{ "type": "Feature", "properties": { "fid": 38, "photo": "C:\\FHMP\\Interactive_map\\photos\\2025\\JBW4b_SW_20251013_142938.jpg", "filename": "JBW4b_SW_20251013_142938", "directory": "C:\\FHMP\\Interactive_map\\photos\\2025", "altitude": 89.0, "direction": null, "rotation": 90, "longitude": "115.27623361111111", "latitude": "-33.881769194444445", "timestamp": "2025-10-13T06:29:38Z" }, "geometry": { "type": "Point", "coordinates": [ 115.27623361111111, -33.881769194444445, 89.0 ] } },
{ "type": "Feature", "properties": { "fid": 39, "photo": "C:\\FHMP\\Interactive_map\\photos\\2025\\JBW4c_NE_20251017_111124.jpg", "filename": "JBW4c_NE_20251017_111124", "directory": "C:\\FHMP\\Interactive_map\\photos\\2025", "altitude": 74.0, "direction": null, "rotation": 90, "longitude": "115.28698480555555", "latitude": "-33.88104769444445", "timestamp": "2025-10-17T03:11:25Z" }, "geometry": { "type": "Point", "coordinates": [ 115.286984805555548, -33.881047694444447, 74.0 ] } },
{ "type": "Feature", "properties": { "fid": 40, "photo": "C:\\FHMP\\Interactive_map\\photos\\2025\\JBW4c_NW_20251017_082103.jpg", "filename": "JBW4c_NW_20251017_082103", "directory": "C:\\FHMP\\Interactive_map\\photos\\2025", "altitude": 114.0, "direction": null, "rotation": 90, "longitude": "115.2861023", "latitude": "-33.88100688888889", "timestamp": "2025-10-17T00:21:04Z" }, "geometry": { "type": "Point", "coordinates": [ 115.2861023, -33.881006888888891, 114.0 ] } },
{ "type": "Feature", "properties": { "fid": 41, "photo": "C:\\FHMP\\Interactive_map\\photos\\2025\\JBW4c_SE_20251017_100814.jpg", "filename": "JBW4c_SE_20251017_100814", "directory": "C:\\FHMP\\Interactive_map\\photos\\2025", "altitude": 99.0, "direction": null, "rotation": 90, "longitude": "115.286931", "latitude": "-33.88197338888889", "timestamp": "2025-10-17T02:08:15Z" }, "geometry": { "type": "Point", "coordinates": [ 115.286931, -33.881973388888888, 99.0 ] } },
{ "type": "Feature", "properties": { "fid": 42, "photo": "C:\\FHMP\\Interactive_map\\photos\\2025\\JBW4c_SW_20251017_093607.jpg", "filename": "JBW4c_SW_20251017_093607", "directory": "C:\\FHMP\\Interactive_map\\photos\\2025", "altitude": 109.0, "direction": null, "rotation": 90, "longitude": "115.2859717", "latitude": "-33.882021", "timestamp": "2025-10-17T01:36:07Z" }, "geometry": { "type": "Point", "coordinates": [ 115.2859717, -33.882021, 109.0 ] } },
{ "type": "Feature", "properties": { "fid": 43, "photo": "C:\\FHMP\\Interactive_map\\photos\\2025\\JBW6a_NE_20250520_080604.jpg", "filename": "JBW6a_NE_20250520_080604", "directory": "C:\\FHMP\\Interactive_map\\photos\\2025", "altitude": null, "direction": null, "rotation": 90, "longitude": "115.56293119444445", "latitude": "-34.224672000000005", "timestamp": "2025-05-20T00:06:05Z" }, "geometry": { "type": "Point", "coordinates": [ 115.562931194444445, -34.224672, 0.0 ] } },
{ "type": "Feature", "properties": { "fid": 44, "photo": "C:\\FHMP\\Interactive_map\\photos\\2025\\JBW6a_NW_20250520_150654.jpg", "filename": "JBW6a_NW_20250520_150654", "directory": "C:\\FHMP\\Interactive_map\\photos\\2025", "altitude": 76.0, "direction": null, "rotation": 90, "longitude": "115.56182069444444", "latitude": "-34.22470919444444", "timestamp": "2025-05-20T07:06:55Z" }, "geometry": { "type": "Point", "coordinates": [ 115.561820694444435, -34.224709194444443, 76.0 ] } },
{ "type": "Feature", "properties": { "fid": 45, "photo": "C:\\FHMP\\Interactive_map\\photos\\2025\\JBW6a_SE_20250520_100403.jpg", "filename": "JBW6a_SE_20250520_100403", "directory": "C:\\FHMP\\Interactive_map\\photos\\2025", "altitude": null, "direction": null, "rotation": 90, "longitude": "115.56287999999999", "latitude": "-34.225555194444446", "timestamp": "2025-05-20T02:04:03Z" }, "geometry": { "type": "Point", "coordinates": [ 115.56288, -34.225555194444446, 0.0 ] } },
{ "type": "Feature", "properties": { "fid": 46, "photo": "C:\\FHMP\\Interactive_map\\photos\\2025\\JBW6a_SW_20250520_134810.jpg", "filename": "JBW6a_SW_20250520_134810", "directory": "C:\\FHMP\\Interactive_map\\photos\\2025", "altitude": 59.0, "direction": null, "rotation": 90, "longitude": "115.56181611111111", "latitude": "-34.225603694444445", "timestamp": "2025-05-20T05:48:10Z" }, "geometry": { "type": "Point", "coordinates": [ 115.561816111111114, -34.225603694444445, 59.0 ] } },
{ "type": "Feature", "properties": { "fid": 47, "photo": "C:\\FHMP\\Interactive_map\\photos\\2025\\JBW6c_NE_20250522_080918.jpg", "filename": "JBW6c_NE_20250522_080918", "directory": "C:\\FHMP\\Interactive_map\\photos\\2025", "altitude": null, "direction": null, "rotation": 90, "longitude": "115.55498238888889", "latitude": "-34.2352256", "timestamp": "2025-05-22T00:09:19Z" }, "geometry": { "type": "Point", "coordinates": [ 115.554982388888888, -34.2352256, 0.0 ] } },
{ "type": "Feature", "properties": { "fid": 48, "photo": "C:\\FHMP\\Interactive_map\\photos\\2025\\JBW6c_SE_20250522_101229.jpg", "filename": "JBW6c_SE_20250522_101229", "directory": "C:\\FHMP\\Interactive_map\\photos\\2025", "altitude": 65.0, "direction": null, "rotation": 90, "longitude": "115.554924", "latitude": "-34.23622761111111", "timestamp": "2025-05-22T02:12:29Z" }, "geometry": { "type": "Point", "coordinates": [ 115.554924, -34.236227611111111, 65.0 ] } },
{ "type": "Feature", "properties": { "fid": 49, "photo": "C:\\FHMP\\Interactive_map\\photos\\2025\\JBW6c_SW_20250522_120400.jpg", "filename": "JBW6c_SW_20250522_120400", "directory": "C:\\FHMP\\Interactive_map\\photos\\2025", "altitude": 61.0, "direction": null, "rotation": 90, "longitude": "115.55387080555555", "latitude": "-34.2360809", "timestamp": "2025-05-22T04:04:00Z" }, "geometry": { "type": "Point", "coordinates": [ 115.553870805555547, -34.2360809, 61.0 ] } },
{ "type": "Feature", "properties": { "fid": 50, "photo": "C:\\FHMP\\Interactive_map\\photos\\2025\\JNE2a_NE_20250415_112120.jpg", "filename": "JNE2a_NE_20250415_112120", "directory": "C:\\FHMP\\Interactive_map\\photos\\2025", "altitude": 340.0, "direction": null, "rotation": 90, "longitude": "116.48850288888889", "latitude": "-33.2711055", "timestamp": "2025-04-15T03:21:20Z" }, "geometry": { "type": "Point", "coordinates": [ 116.488502888888888, -33.2711055, 340.0 ] } },
{ "type": "Feature", "properties": { "fid": 51, "photo": "C:\\FHMP\\Interactive_map\\photos\\2025\\JNE2a_NW_20250415_131622.jpg", "filename": "JNE2a_NW_20250415_131622", "directory": "C:\\FHMP\\Interactive_map\\photos\\2025", "altitude": null, "direction": null, "rotation": 90, "longitude": "116.48734730555556", "latitude": "-33.27128066666666", "timestamp": "2025-04-15T05:16:22Z" }, "geometry": { "type": "Point", "coordinates": [ 116.487347305555559, -33.271280666666662, 0.0 ] } },
{ "type": "Feature", "properties": { "fid": 52, "photo": "C:\\FHMP\\Interactive_map\\photos\\2025\\JNE2a_SE_20250415_153618.jpg", "filename": "JNE2a_SE_20250415_153618", "directory": "C:\\FHMP\\Interactive_map\\photos\\2025", "altitude": 321.0, "direction": null, "rotation": 90, "longitude": "116.4885005", "latitude": "-33.27222730555555", "timestamp": "2025-04-15T07:36:18Z" }, "geometry": { "type": "Point", "coordinates": [ 116.4885005, -33.272227305555553, 321.0 ] } },
{ "type": "Feature", "properties": { "fid": 53, "photo": "C:\\FHMP\\Interactive_map\\photos\\2025\\JNE2a_SW_20250415_142719.jpg", "filename": "JNE2a_SW_20250415_142719", "directory": "C:\\FHMP\\Interactive_map\\photos\\2025", "altitude": 159.0, "direction": null, "rotation": 90, "longitude": "116.48733269444445", "latitude": "-33.27218561111111", "timestamp": "2025-04-15T06:27:19Z" }, "geometry": { "type": "Point", "coordinates": [ 116.487332694444447, -33.272185611111112, 159.0 ] } },
{ "type": "Feature", "properties": { "fid": 54, "photo": "C:\\FHMP\\Interactive_map\\photos\\2025\\JNE2b_NE_20250416_110020.jpg", "filename": "JNE2b_NE_20250416_110020", "directory": "C:\\FHMP\\Interactive_map\\photos\\2025", "altitude": 312.0, "direction": null, "rotation": 90, "longitude": "116.4705965", "latitude": "-33.30788169444444", "timestamp": "2025-04-16T03:00:20Z" }, "geometry": { "type": "Point", "coordinates": [ 116.4705965, -33.30788169444444, 312.0 ] } },
{ "type": "Feature", "properties": { "fid": 55, "photo": "C:\\FHMP\\Interactive_map\\photos\\2025\\JNE2b_NW_20250416_094057.jpg", "filename": "JNE2b_NW_20250416_094057", "directory": "C:\\FHMP\\Interactive_map\\photos\\2025", "altitude": 321.0, "direction": null, "rotation": 90, "longitude": "116.46948369444445", "latitude": "-33.307936", "timestamp": "2025-04-16T01:40:57Z" }, "geometry": { "type": "Point", "coordinates": [ 116.469483694444449, -33.307936, 321.0 ] } },
{ "type": "Feature", "properties": { "fid": 56, "photo": "C:\\FHMP\\Interactive_map\\photos\\2025\\JNE2b_SE_20250416_120522.jpg", "filename": "JNE2b_SE_20250416_120522", "directory": "C:\\FHMP\\Interactive_map\\photos\\2025", "altitude": 308.0, "direction": null, "rotation": 90, "longitude": "116.4706356111111", "latitude": "-33.30884369444444", "timestamp": "2025-04-16T04:05:23Z" }, "geometry": { "type": "Point", "coordinates": [ 116.470635611111106, -33.308843694444441, 308.0 ] } },
{ "type": "Feature", "properties": { "fid": 57, "photo": "C:\\FHMP\\Interactive_map\\photos\\2025\\JNE2b_SW_20250415_170825.jpg", "filename": "JNE2b_SW_20250415_170825", "directory": "C:\\FHMP\\Interactive_map\\photos\\2025", "altitude": 334.0, "direction": null, "rotation": 90, "longitude": "116.46947519444444", "latitude": "-33.308851", "timestamp": "2025-04-15T09:08:25Z" }, "geometry": { "type": "Point", "coordinates": [ 116.469475194444442, -33.308851, 334.0 ] } },
{ "type": "Feature", "properties": { "fid": 58, "photo": "C:\\FHMP\\Interactive_map\\photos\\2025\\JNE2c_NE_20250416_160754.jpg", "filename": "JNE2c_NE_20250416_160754", "directory": "C:\\FHMP\\Interactive_map\\photos\\2025", "altitude": 302.0, "direction": null, "rotation": 90, "longitude": "116.44807711111112", "latitude": "-33.29988011111111", "timestamp": "2025-04-16T08:07:55Z" }, "geometry": { "type": "Point", "coordinates": [ 116.448077111111118, -33.299880111111108, 302.0 ] } },
{ "type": "Feature", "properties": { "fid": 59, "photo": "C:\\FHMP\\Interactive_map\\photos\\2025\\JNE2c_NW_20250416_142458.jpg", "filename": "JNE2c_NW_20250416_142458", "directory": "C:\\FHMP\\Interactive_map\\photos\\2025", "altitude": 319.0, "direction": null, "rotation": 90, "longitude": "116.447005", "latitude": "-33.299861111111106", "timestamp": "2025-04-16T06:24:58Z" }, "geometry": { "type": "Point", "coordinates": [ 116.447005, -33.299861111111106, 319.0 ] } },
{ "type": "Feature", "properties": { "fid": 60, "photo": "C:\\FHMP\\Interactive_map\\photos\\2025\\JNE2c_SE_20250416_162658.jpg", "filename": "JNE2c_SE_20250416_162658", "directory": "C:\\FHMP\\Interactive_map\\photos\\2025", "altitude": 299.0, "direction": null, "rotation": 90, "longitude": "116.44809030555555", "latitude": "-33.300809599999994", "timestamp": "2025-04-16T08:26:58Z" }, "geometry": { "type": "Point", "coordinates": [ 116.448090305555553, -33.3008096, 299.0 ] } },
{ "type": "Feature", "properties": { "fid": 61, "photo": "C:\\FHMP\\Interactive_map\\photos\\2025\\JNE2c_SW_20250416_133824.jpg", "filename": "JNE2c_SW_20250416_133824", "directory": "C:\\FHMP\\Interactive_map\\photos\\2025", "altitude": 310.0, "direction": null, "rotation": 90, "longitude": "116.44706519444445", "latitude": "-33.300808399999994", "timestamp": "2025-04-16T05:38:24Z" }, "geometry": { "type": "Point", "coordinates": [ 116.447065194444448, -33.3008084, 310.0 ] } },
{ "type": "Feature", "properties": { "fid": 62, "photo": "C:\\FHMP\\Interactive_map\\photos\\2025\\JNE4a_NE_20250909_090415.jpg", "filename": "JNE4a_NE_20250909_090415", "directory": "C:\\FHMP\\Interactive_map\\photos\\2025", "altitude": 368.0, "direction": null, "rotation": 90, "longitude": "116.36115080555555", "latitude": "-32.468339300000004", "timestamp": "2025-09-09T01:04:16Z" }, "geometry": { "type": "Point", "coordinates": [ 116.361150805555553, -32.4683393, 368.0 ] } },
{ "type": "Feature", "properties": { "fid": 63, "photo": "C:\\FHMP\\Interactive_map\\photos\\2025\\JNE4a_NW_20250909_135518.jpg", "filename": "JNE4a_NW_20250909_135518", "directory": "C:\\FHMP\\Interactive_map\\photos\\2025", "altitude": 361.0, "direction": null, "rotation": 90, "longitude": "116.35999761111111", "latitude": "-32.468287000000004", "timestamp": "2025-09-09T05:55:19Z" }, "geometry": { "type": "Point", "coordinates": [ 116.359997611111112, -32.468287, 361.0 ] } },
{ "type": "Feature", "properties": { "fid": 64, "photo": "C:\\FHMP\\Interactive_map\\photos\\2025\\JNE4a_SE_20250909_155003.jpg", "filename": "JNE4a_SE_20250909_155003", "directory": "C:\\FHMP\\Interactive_map\\photos\\2025", "altitude": 355.0, "direction": null, "rotation": 90, "longitude": "116.36110138888888", "latitude": "-32.4691999", "timestamp": "2025-09-09T07:50:03Z" }, "geometry": { "type": "Point", "coordinates": [ 116.361101388888883, -32.4691999, 355.0 ] } },
{ "type": "Feature", "properties": { "fid": 65, "photo": "C:\\FHMP\\Interactive_map\\photos\\2025\\JNE4a_SW_20250909_112142.jpg", "filename": "JNE4a_SW_20250909_112142", "directory": "C:\\FHMP\\Interactive_map\\photos\\2025", "altitude": 373.0, "direction": null, "rotation": 90, "longitude": "116.36002180555555", "latitude": "-32.469216100000004", "timestamp": "2025-09-09T03:21:42Z" }, "geometry": { "type": "Point", "coordinates": [ 116.360021805555547, -32.4692161, 373.0 ] } },
{ "type": "Feature", "properties": { "fid": 66, "photo": "C:\\FHMP\\Interactive_map\\photos\\2025\\JNE4b_NE_20250908_152638.jpg", "filename": "JNE4b_NE_20250908_152638", "directory": "C:\\FHMP\\Interactive_map\\photos\\2025", "altitude": 284.0, "direction": null, "rotation": 90, "longitude": "116.39523361111112", "latitude": "-32.45756680555556", "timestamp": "2025-09-08T07:26:38Z" }, "geometry": { "type": "Point", "coordinates": [ 116.395233611111124, -32.457566805555558, 284.0 ] } },
{ "type": "Feature", "properties": { "fid": 67, "photo": "C:\\FHMP\\Interactive_map\\photos\\2025\\JNE4b_NW_20250908_134145.jpg", "filename": "JNE4b_NW_20250908_134145", "directory": "C:\\FHMP\\Interactive_map\\photos\\2025", "altitude": 297.0, "direction": null, "rotation": 90, "longitude": "116.39409388888889", "latitude": "-32.45755838888889", "timestamp": "2025-09-08T05:41:45Z" }, "geometry": { "type": "Point", "coordinates": [ 116.394093888888889, -32.457558388888891, 297.0 ] } },
{ "type": "Feature", "properties": { "fid": 68, "photo": "C:\\FHMP\\Interactive_map\\photos\\2025\\JNE4b_SE_20250908_091523.jpg", "filename": "JNE4b_SE_20250908_091523", "directory": "C:\\FHMP\\Interactive_map\\photos\\2025", "altitude": 304.0, "direction": null, "rotation": 90, "longitude": "116.395156", "latitude": "-32.45845561111111", "timestamp": "2025-09-08T01:15:23Z" }, "geometry": { "type": "Point", "coordinates": [ 116.395156, -32.458455611111113, 304.0 ] } },
{ "type": "Feature", "properties": { "fid": 69, "photo": "C:\\FHMP\\Interactive_map\\photos\\2025\\JNE4b_SW_20250908_112335.jpg", "filename": "JNE4b_SW_20250908_112335", "directory": "C:\\FHMP\\Interactive_map\\photos\\2025", "altitude": 309.0, "direction": null, "rotation": 90, "longitude": "116.39405661111111", "latitude": "-32.4584575", "timestamp": "2025-09-08T03:23:35Z" }, "geometry": { "type": "Point", "coordinates": [ 116.394056611111111, -32.4584575, 309.0 ] } },
{ "type": "Feature", "properties": { "fid": 70, "photo": "C:\\FHMP\\Interactive_map\\photos\\2025\\JNE6a_NE_20250331_105225.jpg", "filename": "JNE6a_NE_20250331_105225", "directory": "C:\\FHMP\\Interactive_map\\photos\\2025", "altitude": null, "direction": null, "rotation": 90, "longitude": "116.1859712", "latitude": "-31.363603194444448", "timestamp": "2025-03-31T02:52:26Z" }, "geometry": { "type": "Point", "coordinates": [ 116.1859712, -31.363603194444448, 0.0 ] } },
{ "type": "Feature", "properties": { "fid": 71, "photo": "C:\\FHMP\\Interactive_map\\photos\\2025\\JNE6a_NW_20250331_151900.jpg", "filename": "JNE6a_NW_20250331_151900", "directory": "C:\\FHMP\\Interactive_map\\photos\\2025", "altitude": null, "direction": null, "rotation": 90, "longitude": "116.1848064", "latitude": "-31.36355838888889", "timestamp": "2025-03-31T07:19:00Z" }, "geometry": { "type": "Point", "coordinates": [ 116.1848064, -31.36355838888889, 0.0 ] } },
{ "type": "Feature", "properties": { "fid": 72, "photo": "C:\\FHMP\\Interactive_map\\photos\\2025\\JNE6a_SE_20250401_093410.jpg", "filename": "JNE6a_SE_20250401_093410", "directory": "C:\\FHMP\\Interactive_map\\photos\\2025", "altitude": 269.0, "direction": null, "rotation": 90, "longitude": "116.1859609", "latitude": "-31.3644405", "timestamp": "2025-04-01T01:34:10Z" }, "geometry": { "type": "Point", "coordinates": [ 116.1859609, -31.3644405, 269.0 ] } },
{ "type": "Feature", "properties": { "fid": 73, "photo": "C:\\FHMP\\Interactive_map\\photos\\2025\\JNE6a_SW_20250331_153312.jpg", "filename": "JNE6a_SW_20250331_153312", "directory": "C:\\FHMP\\Interactive_map\\photos\\2025", "altitude": null, "direction": null, "rotation": 90, "longitude": "116.1847808", "latitude": "-31.36448961111111", "timestamp": "2025-03-31T07:33:13Z" }, "geometry": { "type": "Point", "coordinates": [ 116.1847808, -31.364489611111111, 0.0 ] } },
{ "type": "Feature", "properties": { "fid": 74, "photo": "C:\\FHMP\\Interactive_map\\photos\\2025\\JNE6b_NE_20250401_112216.jpg", "filename": "JNE6b_NE_20250401_112216", "directory": "C:\\FHMP\\Interactive_map\\photos\\2025", "altitude": 255.0, "direction": null, "rotation": 90, "longitude": "116.1836636", "latitude": "-31.3674915", "timestamp": "2025-04-01T03:22:16Z" }, "geometry": { "type": "Point", "coordinates": [ 116.1836636, -31.3674915, 255.0 ] } },
{ "type": "Feature", "properties": { "fid": 75, "photo": "C:\\FHMP\\Interactive_map\\photos\\2025\\JNE6b_NW_20250403_112959.jpg", "filename": "JNE6b_NW_20250403_112959", "directory": "C:\\FHMP\\Interactive_map\\photos\\2025", "altitude": 257.0, "direction": null, "rotation": 90, "longitude": "116.18264719444444", "latitude": "-31.367522", "timestamp": "2025-04-03T03:29:59Z" }, "geometry": { "type": "Point", "coordinates": [ 116.182647194444442, -31.367522, 257.0 ] } },
{ "type": "Feature", "properties": { "fid": 76, "photo": "C:\\FHMP\\Interactive_map\\photos\\2025\\JNE6b_SE_20250401_132113.jpg", "filename": "JNE6b_SE_20250401_132113", "directory": "C:\\FHMP\\Interactive_map\\photos\\2025", "altitude": null, "direction": null, "rotation": 270, "longitude": "116.1836705", "latitude": "-31.36842686111111", "timestamp": "2025-04-01T05:21:13Z" }, "geometry": { "type": "Point", "coordinates": [ 116.1836705, -31.368426861111111, 0.0 ] } },
{ "type": "Feature", "properties": { "fid": 77, "photo": "C:\\FHMP\\Interactive_map\\photos\\2025\\JNE6b_SW_20250401_155754.jpg", "filename": "JNE6b_SW_20250401_155754", "directory": "C:\\FHMP\\Interactive_map\\photos\\2025", "altitude": 221.0, "direction": null, "rotation": 90, "longitude": "116.18250961111112", "latitude": "-31.3684579", "timestamp": "2025-04-01T07:57:54Z" }, "geometry": { "type": "Point", "coordinates": [ 116.182509611111115, -31.3684579, 221.0 ] } },
{ "type": "Feature", "properties": { "fid": 78, "photo": "C:\\FHMP\\Interactive_map\\photos\\2025\\JNE6c_NE_20250403_134408.jpg", "filename": "JNE6c_NE_20250403_134408", "directory": "C:\\FHMP\\Interactive_map\\photos\\2025", "altitude": 270.0, "direction": null, "rotation": 90, "longitude": "116.1691292", "latitude": "-31.370024", "timestamp": "2025-04-03T05:44:09Z" }, "geometry": { "type": "Point", "coordinates": [ 116.1691292, -31.370024, 270.0 ] } },
{ "type": "Feature", "properties": { "fid": 79, "photo": "C:\\FHMP\\Interactive_map\\photos\\2025\\JNE6c_NW_20250403_134202.jpg", "filename": "JNE6c_NW_20250403_134202", "directory": "C:\\FHMP\\Interactive_map\\photos\\2025", "altitude": 251.0, "direction": null, "rotation": 90, "longitude": "116.1680748", "latitude": "-31.369965694444446", "timestamp": "2025-04-03T05:42:02Z" }, "geometry": { "type": "Point", "coordinates": [ 116.1680748, -31.369965694444446, 251.0 ] } },
{ "type": "Feature", "properties": { "fid": 80, "photo": "C:\\FHMP\\Interactive_map\\photos\\2025\\JNE6c_SE_20250403_134600.jpg", "filename": "JNE6c_SE_20250403_134600", "directory": "C:\\FHMP\\Interactive_map\\photos\\2025", "altitude": 271.0, "direction": null, "rotation": 90, "longitude": "116.1690942", "latitude": "-31.3708765", "timestamp": "2025-04-03T05:46:00Z" }, "geometry": { "type": "Point", "coordinates": [ 116.1690942, -31.3708765, 271.0 ] } },
{ "type": "Feature", "properties": { "fid": 81, "photo": "C:\\FHMP\\Interactive_map\\photos\\2025\\JNE6c_SW_20250403_134742.jpg", "filename": "JNE6c_SW_20250403_134742", "directory": "C:\\FHMP\\Interactive_map\\photos\\2025", "altitude": 269.0, "direction": null, "rotation": 90, "longitude": "116.1680408", "latitude": "-31.370901805555555", "timestamp": "2025-04-03T05:47:42Z" }, "geometry": { "type": "Point", "coordinates": [ 116.1680408, -31.370901805555555, 269.0 ] } },
{ "type": "Feature", "properties": { "fid": 82, "photo": "C:\\FHMP\\Interactive_map\\photos\\2025\\JNW1a_NE_20250901_121339.jpg", "filename": "JNW1a_NE_20250901_121339", "directory": "C:\\FHMP\\Interactive_map\\photos\\2025", "altitude": 300.0, "direction": null, "rotation": 90, "longitude": "116.19958319444444", "latitude": "-32.22404569444445", "timestamp": "2025-09-01T04:13:39Z" }, "geometry": { "type": "Point", "coordinates": [ 116.199583194444443, -32.224045694444449, 300.0 ] } },
{ "type": "Feature", "properties": { "fid": 83, "photo": "C:\\FHMP\\Interactive_map\\photos\\2025\\JNW1a_NW_20250902_112824.jpg", "filename": "JNW1a_NW_20250902_112824", "directory": "C:\\FHMP\\Interactive_map\\photos\\2025", "altitude": 308.0, "direction": null, "rotation": 90, "longitude": "116.19855611111112", "latitude": "-32.224036500000004", "timestamp": "2025-09-02T03:28:25Z" }, "geometry": { "type": "Point", "coordinates": [ 116.198556111111117, -32.2240365, 308.0 ] } },
{ "type": "Feature", "properties": { "fid": 84, "photo": "C:\\FHMP\\Interactive_map\\photos\\2025\\JNW1a_SE_20250901_133358.jpg", "filename": "JNW1a_SE_20250901_133358", "directory": "C:\\FHMP\\Interactive_map\\photos\\2025", "altitude": 293.0, "direction": null, "rotation": 90, "longitude": "116.19955461111111", "latitude": "-32.22506638888889", "timestamp": "2025-09-01T05:33:58Z" }, "geometry": { "type": "Point", "coordinates": [ 116.199554611111111, -32.225066388888891, 293.0 ] } },
{ "type": "Feature", "properties": { "fid": 85, "photo": "C:\\FHMP\\Interactive_map\\photos\\2025\\JNW1a_SW_20250902_085030.jpg", "filename": "JNW1a_SW_20250902_085030", "directory": "C:\\FHMP\\Interactive_map\\photos\\2025", "altitude": 293.0, "direction": null, "rotation": 90, "longitude": "116.19856169444445", "latitude": "-32.224941694444446", "timestamp": "2025-09-02T00:50:31Z" }, "geometry": { "type": "Point", "coordinates": [ 116.19856169444445, -32.224941694444446, 293.0 ] } },
{ "type": "Feature", "properties": { "fid": 86, "photo": "C:\\FHMP\\Interactive_map\\photos\\2025\\JNW1b_NE_20250904_161445.jpg", "filename": "JNW1b_NE_20250904_161445", "directory": "C:\\FHMP\\Interactive_map\\photos\\2025", "altitude": 229.0, "direction": null, "rotation": 90, "longitude": "116.1948273888889", "latitude": "-32.257315194444445", "timestamp": "2025-09-04T08:14:45Z" }, "geometry": { "type": "Point", "coordinates": [ 116.194827388888896, -32.257315194444445, 229.0 ] } },
{ "type": "Feature", "properties": { "fid": 87, "photo": "C:\\FHMP\\Interactive_map\\photos\\2025\\JNW1b_NW_20250904_111910.jpg", "filename": "JNW1b_NW_20250904_111910", "directory": "C:\\FHMP\\Interactive_map\\photos\\2025", "altitude": 234.0, "direction": null, "rotation": 90, "longitude": "116.19370319444445", "latitude": "-32.2572875", "timestamp": "2025-09-04T03:19:11Z" }, "geometry": { "type": "Point", "coordinates": [ 116.193703194444453, -32.2572875, 234.0 ] } },
{ "type": "Feature", "properties": { "fid": 88, "photo": "C:\\FHMP\\Interactive_map\\photos\\2025\\JNW1b_SE_20250904_104414.jpg", "filename": "JNW1b_SE_20250904_104414", "directory": "C:\\FHMP\\Interactive_map\\photos\\2025", "altitude": 251.0, "direction": null, "rotation": 90, "longitude": "116.19470011111112", "latitude": "-32.258299", "timestamp": "2025-09-04T02:44:14Z" }, "geometry": { "type": "Point", "coordinates": [ 116.194700111111118, -32.258299, 251.0 ] } },
{ "type": "Feature", "properties": { "fid": 89, "photo": "C:\\FHMP\\Interactive_map\\photos\\2025\\JNW1b_SW_20250904_140228.jpg", "filename": "JNW1b_SW_20250904_140228", "directory": "C:\\FHMP\\Interactive_map\\photos\\2025", "altitude": 218.0, "direction": null, "rotation": 270, "longitude": "116.19355419444445", "latitude": "-32.258273611111115", "timestamp": "2025-09-04T06:02:28Z" }, "geometry": { "type": "Point", "coordinates": [ 116.193554194444445, -32.258273611111115, 218.0 ] } },
{ "type": "Feature", "properties": { "fid": 90, "photo": "C:\\FHMP\\Interactive_map\\photos\\2025\\JNW1c_NE_20250903_125919.jpg", "filename": "JNW1c_NE_20250903_125919", "directory": "C:\\FHMP\\Interactive_map\\photos\\2025", "altitude": 254.0, "direction": null, "rotation": 90, "longitude": "116.2042338888889", "latitude": "-32.2423695", "timestamp": "2025-09-03T04:59:19Z" }, "geometry": { "type": "Point", "coordinates": [ 116.204233888888893, -32.2423695, 254.0 ] } },
{ "type": "Feature", "properties": { "fid": 91, "photo": "C:\\FHMP\\Interactive_map\\photos\\2025\\JNW1c_NW_20250903_153903.jpg", "filename": "JNW1c_NW_20250903_153903", "directory": "C:\\FHMP\\Interactive_map\\photos\\2025", "altitude": 253.0, "direction": null, "rotation": 90, "longitude": "116.20317211111112", "latitude": "-32.242324", "timestamp": "2025-09-03T07:39:03Z" }, "geometry": { "type": "Point", "coordinates": [ 116.203172111111115, -32.242324, 253.0 ] } },
{ "type": "Feature", "properties": { "fid": 92, "photo": "C:\\FHMP\\Interactive_map\\photos\\2025\\JNW1c_SE_20250903_102647.jpg", "filename": "JNW1c_SE_20250903_102647", "directory": "C:\\FHMP\\Interactive_map\\photos\\2025", "altitude": 257.0, "direction": null, "rotation": 90, "longitude": "116.20421369444445", "latitude": "-32.24321719444445", "timestamp": "2025-09-03T02:26:47Z" }, "geometry": { "type": "Point", "coordinates": [ 116.204213694444448, -32.243217194444448, 257.0 ] } },
{ "type": "Feature", "properties": { "fid": 93, "photo": "C:\\FHMP\\Interactive_map\\photos\\2025\\JNW1c_SW_20250903_100421.jpg", "filename": "JNW1c_SW_20250903_100421", "directory": "C:\\FHMP\\Interactive_map\\photos\\2025", "altitude": 247.0, "direction": null, "rotation": 90, "longitude": "116.20317219444445", "latitude": "-32.243216000000004", "timestamp": "2025-09-03T02:04:22Z" }, "geometry": { "type": "Point", "coordinates": [ 116.203172194444448, -32.243216, 247.0 ] } },
{ "type": "Feature", "properties": { "fid": 94, "photo": "C:\\FHMP\\Interactive_map\\photos\\2025\\JNW3a_NE_20250925_080339.jpg", "filename": "JNW3a_NE_20250925_080339", "directory": "C:\\FHMP\\Interactive_map\\photos\\2025", "altitude": 255.0, "direction": null, "rotation": 0, "longitude": "116.21157930555556", "latitude": "-33.0170824", "timestamp": "2025-09-25T00:03:39Z" }, "geometry": { "type": "Point", "coordinates": [ 116.21157930555556, -33.0170824, 255.0 ] } },
{ "type": "Feature", "properties": { "fid": 95, "photo": "C:\\FHMP\\Interactive_map\\photos\\2025\\JNW3a_NW_20250925_152410.jpg", "filename": "JNW3a_NW_20250925_152410", "directory": "C:\\FHMP\\Interactive_map\\photos\\2025", "altitude": 239.0, "direction": null, "rotation": 0, "longitude": "116.21054580555555", "latitude": "-33.0170224", "timestamp": "2025-09-25T07:24:10Z" }, "geometry": { "type": "Point", "coordinates": [ 116.210545805555554, -33.0170224, 239.0 ] } },
{ "type": "Feature", "properties": { "fid": 96, "photo": "C:\\FHMP\\Interactive_map\\photos\\2025\\JNW3a_SE_20250925_102606.jpg", "filename": "JNW3a_SE_20250925_102606", "directory": "C:\\FHMP\\Interactive_map\\photos\\2025", "altitude": 248.0, "direction": null, "rotation": 0, "longitude": "116.21154411111111", "latitude": "-33.0179326", "timestamp": "2025-09-25T02:26:07Z" }, "geometry": { "type": "Point", "coordinates": [ 116.21154411111111, -33.0179326, 248.0 ] } },
{ "type": "Feature", "properties": { "fid": 97, "photo": "C:\\FHMP\\Interactive_map\\photos\\2025\\JNW3a_SE_20250925_102611.jpg", "filename": "JNW3a_SE_20250925_102611", "directory": "C:\\FHMP\\Interactive_map\\photos\\2025", "altitude": 248.0, "direction": null, "rotation": 0, "longitude": "116.21154411111111", "latitude": "-33.0179326", "timestamp": "2025-09-25T02:26:11Z" }, "geometry": { "type": "Point", "coordinates": [ 116.21154411111111, -33.0179326, 248.0 ] } },
{ "type": "Feature", "properties": { "fid": 98, "photo": "C:\\FHMP\\Interactive_map\\photos\\2025\\JNW3a_SE_20250925_102635.jpg", "filename": "JNW3a_SE_20250925_102635", "directory": "C:\\FHMP\\Interactive_map\\photos\\2025", "altitude": 248.0, "direction": null, "rotation": 0, "longitude": "116.21154411111111", "latitude": "-33.0179326", "timestamp": "2025-09-25T02:26:36Z" }, "geometry": { "type": "Point", "coordinates": [ 116.21154411111111, -33.0179326, 248.0 ] } },
{ "type": "Feature", "properties": { "fid": 99, "photo": "C:\\FHMP\\Interactive_map\\photos\\2025\\JNW3a_SW_20250925_130635.jpg", "filename": "JNW3a_SW_20250925_130635", "directory": "C:\\FHMP\\Interactive_map\\photos\\2025", "altitude": 195.0, "direction": null, "rotation": 0, "longitude": "116.210488", "latitude": "-33.0179687", "timestamp": "2025-09-25T05:06:36Z" }, "geometry": { "type": "Point", "coordinates": [ 116.210488, -33.0179687, 195.0 ] } },
{ "type": "Feature", "properties": { "fid": 100, "photo": "C:\\FHMP\\Interactive_map\\photos\\2025\\JNW3b_NE_20250926_073709.jpg", "filename": "JNW3b_NE_20250926_073709", "directory": "C:\\FHMP\\Interactive_map\\photos\\2025", "altitude": 262.0, "direction": null, "rotation": 90, "longitude": "116.21015830555555", "latitude": "-33.010219194444446", "timestamp": "2025-09-25T23:37:09Z" }, "geometry": { "type": "Point", "coordinates": [ 116.210158305555552, -33.010219194444446, 262.0 ] } },
{ "type": "Feature", "properties": { "fid": 101, "photo": "C:\\FHMP\\Interactive_map\\photos\\2025\\JNW3b_NW_20250926_114047.jpg", "filename": "JNW3b_NW_20250926_114047", "directory": "C:\\FHMP\\Interactive_map\\photos\\2025", "altitude": 254.0, "direction": null, "rotation": 90, "longitude": "116.20902138888889", "latitude": "-33.00994719444444", "timestamp": "2025-09-26T03:40:47Z" }, "geometry": { "type": "Point", "coordinates": [ 116.209021388888885, -33.009947194444443, 254.0 ] } },
{ "type": "Feature", "properties": { "fid": 102, "photo": "C:\\FHMP\\Interactive_map\\photos\\2025\\JNW3b_SE_20250926_092229.jpg", "filename": "JNW3b_SE_20250926_092229", "directory": "C:\\FHMP\\Interactive_map\\photos\\2025", "altitude": 247.0, "direction": null, "rotation": 90, "longitude": "116.21008019444444", "latitude": "-33.01102461111111", "timestamp": "2025-09-26T01:22:29Z" }, "geometry": { "type": "Point", "coordinates": [ 116.210080194444444, -33.011024611111111, 247.0 ] } },
{ "type": "Feature", "properties": { "fid": 103, "photo": "C:\\FHMP\\Interactive_map\\photos\\2025\\JNW3b_SW_20250926_144311.jpg", "filename": "JNW3b_SW_20250926_144311", "directory": "C:\\FHMP\\Interactive_map\\photos\\2025", "altitude": 249.0, "direction": null, "rotation": 90, "longitude": "116.2089333888889", "latitude": "-33.011064", "timestamp": "2025-09-26T06:43:11Z" }, "geometry": { "type": "Point", "coordinates": [ 116.208933388888894, -33.011064, 249.0 ] } },
{ "type": "Feature", "properties": { "fid": 104, "photo": "C:\\FHMP\\Interactive_map\\photos\\2025\\JNW3c_NE_20251009_173201.jpg", "filename": "JNW3c_NE_20251009_173201", "directory": "C:\\FHMP\\Interactive_map\\photos\\2025", "altitude": 162.0, "direction": null, "rotation": 90, "longitude": "116.24314180555555", "latitude": "-32.9957365", "timestamp": "2025-10-09T09:32:02Z" }, "geometry": { "type": "Point", "coordinates": [ 116.243141805555553, -32.9957365, 162.0 ] } },
{ "type": "Feature", "properties": { "fid": 105, "photo": "C:\\FHMP\\Interactive_map\\photos\\2025\\JNW3c_NW_20251009_145048.jpg", "filename": "JNW3c_NW_20251009_145048", "directory": "C:\\FHMP\\Interactive_map\\photos\\2025", "altitude": 141.0, "direction": null, "rotation": 90, "longitude": "116.24206211111111", "latitude": "-32.99567761111111", "timestamp": "2025-10-09T06:50:48Z" }, "geometry": { "type": "Point", "coordinates": [ 116.24206211111111, -32.995677611111113, 141.0 ] } },
{ "type": "Feature", "properties": { "fid": 106, "photo": "C:\\FHMP\\Interactive_map\\photos\\2025\\JNW3c_SE_20251010_123105.jpg", "filename": "JNW3c_SE_20251010_123105", "directory": "C:\\FHMP\\Interactive_map\\photos\\2025", "altitude": 193.0, "direction": null, "rotation": 90, "longitude": "116.24286061111111", "latitude": "-32.99635538888889", "timestamp": "2025-10-10T04:31:05Z" }, "geometry": { "type": "Point", "coordinates": [ 116.242860611111112, -32.996355388888887, 193.0 ] } },
{ "type": "Feature", "properties": { "fid": 107, "photo": "C:\\FHMP\\Interactive_map\\photos\\2025\\JNW3c_SW_20251010_100755.jpg", "filename": "JNW3c_SW_20251010_100755", "directory": "C:\\FHMP\\Interactive_map\\photos\\2025", "altitude": 134.0, "direction": null, "rotation": 90, "longitude": "116.242021", "latitude": "-32.996635194444444", "timestamp": "2025-10-10T02:07:55Z" }, "geometry": { "type": "Point", "coordinates": [ 116.242021, -32.996635194444444, 134.0 ] } },
{ "type": "Feature", "properties": { "fid": 108, "photo": "C:\\FHMP\\Interactive_map\\photos\\2025\\JNW4a_NE_20250924_090400.jpg", "filename": "JNW4a_NE_20250924_090400", "directory": "C:\\FHMP\\Interactive_map\\photos\\2025", "altitude": 242.0, "direction": null, "rotation": 90, "longitude": "116.22735888888889", "latitude": "-33.13341919972222", "timestamp": "2025-09-24T01:04:01Z" }, "geometry": { "type": "Point", "coordinates": [ 116.227358888888887, -33.133419199722219, 242.0 ] } },
{ "type": "Feature", "properties": { "fid": 109, "photo": "C:\\FHMP\\Interactive_map\\photos\\2025\\JNW4a_NW_20250924_152926.jpg", "filename": "JNW4a_NW_20250924_152926", "directory": "C:\\FHMP\\Interactive_map\\photos\\2025", "altitude": 261.0, "direction": null, "rotation": 90, "longitude": "116.22632461111111", "latitude": "-33.1334226", "timestamp": "2025-09-24T07:29:27Z" }, "geometry": { "type": "Point", "coordinates": [ 116.22632461111111, -33.1334226, 261.0 ] } },
{ "type": "Feature", "properties": { "fid": 110, "photo": "C:\\FHMP\\Interactive_map\\photos\\2025\\JNW4a_SE_20250924_111602.jpg", "filename": "JNW4a_SE_20250924_111602", "directory": "C:\\FHMP\\Interactive_map\\photos\\2025", "altitude": 251.0, "direction": null, "rotation": 90, "longitude": "116.2273905", "latitude": "-33.1343686", "timestamp": "2025-09-24T03:16:03Z" }, "geometry": { "type": "Point", "coordinates": [ 116.2273905, -33.1343686, 251.0 ] } },
{ "type": "Feature", "properties": { "fid": 111, "photo": "C:\\FHMP\\Interactive_map\\photos\\2025\\JNW4a_SW_20250924_133342.jpg", "filename": "JNW4a_SW_20250924_133342", "directory": "C:\\FHMP\\Interactive_map\\photos\\2025", "altitude": 245.0, "direction": null, "rotation": 90, "longitude": "116.22623469444444", "latitude": "-33.1342368", "timestamp": "2025-09-24T05:33:42Z" }, "geometry": { "type": "Point", "coordinates": [ 116.226234694444443, -33.1342368, 245.0 ] } },
{ "type": "Feature", "properties": { "fid": 112, "photo": "C:\\FHMP\\Interactive_map\\photos\\2025\\JNW4b_NE_20250923_120059.jpg", "filename": "JNW4b_NE_20250923_120059", "directory": "C:\\FHMP\\Interactive_map\\photos\\2025", "altitude": 225.0, "direction": null, "rotation": 90, "longitude": "116.22655400000001", "latitude": "-33.137680305555556", "timestamp": "2025-09-23T04:00:59Z" }, "geometry": { "type": "Point", "coordinates": [ 116.226554, -33.137680305555556, 225.0 ] } },
{ "type": "Feature", "properties": { "fid": 113, "photo": "C:\\FHMP\\Interactive_map\\photos\\2025\\JNW4b_NW_20250923_093030.jpg", "filename": "JNW4b_NW_20250923_093030", "directory": "C:\\FHMP\\Interactive_map\\photos\\2025", "altitude": 232.0, "direction": null, "rotation": 90, "longitude": "116.22557888888889", "latitude": "-33.13771780555555", "timestamp": "2025-09-23T01:30:30Z" }, "geometry": { "type": "Point", "coordinates": [ 116.22557888888889, -33.137717805555553, 232.0 ] } },
{ "type": "Feature", "properties": { "fid": 114, "photo": "C:\\FHMP\\Interactive_map\\photos\\2025\\JNW4b_SE_20250923_144706.jpg", "filename": "JNW4b_SE_20250923_144706", "directory": "C:\\FHMP\\Interactive_map\\photos\\2025", "altitude": 236.0, "direction": null, "rotation": 90, "longitude": "116.22672938888888", "latitude": "-33.13858369444444", "timestamp": "2025-09-23T06:47:06Z" }, "geometry": { "type": "Point", "coordinates": [ 116.226729388888884, -33.138583694444442, 236.0 ] } },
{ "type": "Feature", "properties": { "fid": 115, "photo": "C:\\FHMP\\Interactive_map\\photos\\2025\\JNW4b_SW_20250923_170257.jpg", "filename": "JNW4b_SW_20250923_170257", "directory": "C:\\FHMP\\Interactive_map\\photos\\2025", "altitude": 242.0, "direction": null, "rotation": 90, "longitude": "116.22557519444445", "latitude": "-33.138559888888885", "timestamp": "2025-09-23T09:02:57Z" }, "geometry": { "type": "Point", "coordinates": [ 116.225575194444446, -33.138559888888885, 242.0 ] } },
{ "type": "Feature", "properties": { "fid": 116, "photo": "C:\\FHMP\\Interactive_map\\photos\\2025\\JNW4c_NE_20250922_120931.jpg", "filename": "JNW4c_NE_20250922_120931", "directory": "C:\\FHMP\\Interactive_map\\photos\\2025", "altitude": 215.0, "direction": null, "rotation": 90, "longitude": "116.2045648888889", "latitude": "-33.149482", "timestamp": "2025-09-22T04:09:31Z" }, "geometry": { "type": "Point", "coordinates": [ 116.204564888888896, -33.149482, 215.0 ] } },
{ "type": "Feature", "properties": { "fid": 117, "photo": "C:\\FHMP\\Interactive_map\\photos\\2025\\JNW4c_NW_20250922_113457.jpg", "filename": "JNW4c_NW_20250922_113457", "directory": "C:\\FHMP\\Interactive_map\\photos\\2025", "altitude": 230.0, "direction": null, "rotation": 90, "longitude": "116.20341519444445", "latitude": "-33.14946311111111", "timestamp": "2025-09-22T03:34:57Z" }, "geometry": { "type": "Point", "coordinates": [ 116.203415194444446, -33.14946311111111, 230.0 ] } },
{ "type": "Feature", "properties": { "fid": 118, "photo": "C:\\FHMP\\Interactive_map\\photos\\2025\\JNW4c_SE_20250922_151337.jpg", "filename": "JNW4c_SE_20250922_151337", "directory": "C:\\FHMP\\Interactive_map\\photos\\2025", "altitude": null, "direction": null, "rotation": 90, "longitude": "116.20444444444445", "latitude": "-33.150277777777774", "timestamp": null }, "geometry": { "type": "Point", "coordinates": [ 116.204444444444448, -33.150277777777774, 0.0 ] } },
{ "type": "Feature", "properties": { "fid": 119, "photo": "C:\\FHMP\\Interactive_map\\photos\\2025\\JNW4c_SW_20250922_173840.jpg", "filename": "JNW4c_SW_20250922_173840", "directory": "C:\\FHMP\\Interactive_map\\photos\\2025", "altitude": 210.0, "direction": null, "rotation": 90, "longitude": "116.20359888888889", "latitude": "-33.1504283", "timestamp": "2025-09-22T09:38:40Z" }, "geometry": { "type": "Point", "coordinates": [ 116.203598888888891, -33.1504283, 210.0 ] } },
{ "type": "Feature", "properties": { "fid": 120, "photo": "C:\\FHMP\\Interactive_map\\photos\\2025\\JNW5a_NE_20250407_112340.jpg", "filename": "JNW5a_NE_20250407_112340", "directory": "C:\\FHMP\\Interactive_map\\photos\\2025", "altitude": null, "direction": null, "rotation": 90, "longitude": "115.9680508", "latitude": "-33.34740666666667", "timestamp": "2025-04-07T03:23:40Z" }, "geometry": { "type": "Point", "coordinates": [ 115.9680508, -33.347406666666672, 0.0 ] } },
{ "type": "Feature", "properties": { "fid": 121, "photo": "C:\\FHMP\\Interactive_map\\photos\\2025\\JNW5a_NW_20250407_075711.jpg", "filename": "JNW5a_NW_20250407_075711", "directory": "C:\\FHMP\\Interactive_map\\photos\\2025", "altitude": null, "direction": null, "rotation": 90, "longitude": "115.9669888", "latitude": "-33.34739733333333", "timestamp": "2025-04-06T23:57:11Z" }, "geometry": { "type": "Point", "coordinates": [ 115.9669888, -33.347397333333333, 0.0 ] } },
{ "type": "Feature", "properties": { "fid": 122, "photo": "C:\\FHMP\\Interactive_map\\photos\\2025\\JNW5a_SE_20250407_174153.jpg", "filename": "JNW5a_SE_20250407_174153", "directory": "C:\\FHMP\\Interactive_map\\photos\\2025", "altitude": null, "direction": null, "rotation": 90, "longitude": "115.9680057", "latitude": "-33.34833077777778", "timestamp": "2025-04-07T09:41:53Z" }, "geometry": { "type": "Point", "coordinates": [ 115.9680057, -33.348330777777782, 0.0 ] } },
{ "type": "Feature", "properties": { "fid": 123, "photo": "C:\\FHMP\\Interactive_map\\photos\\2025\\JNW5a_SW_20250407_173830.jpg", "filename": "JNW5a_SW_20250407_173830", "directory": "C:\\FHMP\\Interactive_map\\photos\\2025", "altitude": null, "direction": null, "rotation": 90, "longitude": "115.96777777777778", "latitude": "-33.34805555555556", "timestamp": null }, "geometry": { "type": "Point", "coordinates": [ 115.967777777777783, -33.348055555555561, 0.0 ] } },
{ "type": "Feature", "properties": { "fid": 124, "photo": "C:\\FHMP\\Interactive_map\\photos\\2025\\JNW5b_NE_20250408_094146.jpg", "filename": "JNW5b_NE_20250408_094146", "directory": "C:\\FHMP\\Interactive_map\\photos\\2025", "altitude": 217.0, "direction": null, "rotation": 90, "longitude": "115.96838", "latitude": "-33.3517807", "timestamp": "2025-04-08T01:41:46Z" }, "geometry": { "type": "Point", "coordinates": [ 115.96838, -33.3517807, 217.0 ] } },
{ "type": "Feature", "properties": { "fid": 125, "photo": "C:\\FHMP\\Interactive_map\\photos\\2025\\JNW5b_NW_20250407_172049.jpg", "filename": "JNW5b_NW_20250407_172049", "directory": "C:\\FHMP\\Interactive_map\\photos\\2025", "altitude": null, "direction": null, "rotation": 90, "longitude": "115.96722222222222", "latitude": "-33.35166666666667", "timestamp": null }, "geometry": { "type": "Point", "coordinates": [ 115.967222222222219, -33.351666666666667, 0.0 ] } },
{ "type": "Feature", "properties": { "fid": 126, "photo": "C:\\FHMP\\Interactive_map\\photos\\2025\\JNW5b_SE_20250408_144727.jpg", "filename": "JNW5b_SE_20250408_144727", "directory": "C:\\FHMP\\Interactive_map\\photos\\2025", "altitude": 205.0, "direction": null, "rotation": 90, "longitude": "115.96857130000001", "latitude": "-33.352800111111115", "timestamp": "2025-04-08T06:47:28Z" }, "geometry": { "type": "Point", "coordinates": [ 115.9685713, -33.352800111111115, 205.0 ] } },
{ "type": "Feature", "properties": { "fid": 127, "photo": "C:\\FHMP\\Interactive_map\\photos\\2025\\JNW5b_SW_20250408_114822.jpg", "filename": "JNW5b_SW_20250408_114822", "directory": "C:\\FHMP\\Interactive_map\\photos\\2025", "altitude": 227.0, "direction": null, "rotation": 90, "longitude": "115.9674272", "latitude": "-33.3526301", "timestamp": "2025-04-08T03:48:22Z" }, "geometry": { "type": "Point", "coordinates": [ 115.9674272, -33.3526301, 227.0 ] } },
{ "type": "Feature", "properties": { "fid": 128, "photo": "C:\\FHMP\\Interactive_map\\photos\\2025\\JNW5c_NE_20250408_165143.jpg", "filename": "JNW5c_NE_20250408_165143", "directory": "C:\\FHMP\\Interactive_map\\photos\\2025", "altitude": 241.0, "direction": null, "rotation": 90, "longitude": "115.96338319444445", "latitude": "-33.35640769444444", "timestamp": "2025-04-08T08:51:43Z" }, "geometry": { "type": "Point", "coordinates": [ 115.963383194444447, -33.356407694444442, 241.0 ] } },
{ "type": "Feature", "properties": { "fid": 129, "photo": "C:\\FHMP\\Interactive_map\\photos\\2025\\JNW5c_NW_20250409_143948.jpg", "filename": "JNW5c_NW_20250409_143948", "directory": "C:\\FHMP\\Interactive_map\\photos\\2025", "altitude": 238.0, "direction": null, "rotation": 90, "longitude": "115.96226061111112", "latitude": "-33.356318", "timestamp": "2025-04-09T06:39:48Z" }, "geometry": { "type": "Point", "coordinates": [ 115.96226061111112, -33.356318, 238.0 ] } },
{ "type": "Feature", "properties": { "fid": 130, "photo": "C:\\FHMP\\Interactive_map\\photos\\2025\\JNW5c_SE_20250409_085330.jpg", "filename": "JNW5c_SE_20250409_085330", "directory": "C:\\FHMP\\Interactive_map\\photos\\2025", "altitude": null, "direction": null, "rotation": 90, "longitude": "115.96336638888889", "latitude": "-33.35727361111111", "timestamp": "2025-04-09T00:53:30Z" }, "geometry": { "type": "Point", "coordinates": [ 115.963366388888886, -33.357273611111111, 0.0 ] } },
{ "type": "Feature", "properties": { "fid": 131, "photo": "C:\\FHMP\\Interactive_map\\photos\\2025\\JNW5c_SW_20250409_104333.jpg", "filename": "JNW5c_SW_20250409_104333", "directory": "C:\\FHMP\\Interactive_map\\photos\\2025", "altitude": 217.0, "direction": null, "rotation": 90, "longitude": "115.96228261111112", "latitude": "-33.357286", "timestamp": "2025-04-09T02:43:33Z" }, "geometry": { "type": "Point", "coordinates": [ 115.962282611111121, -33.357286, 217.0 ] } },
{ "type": "Feature", "properties": { "fid": 132, "photo": "C:\\FHMP\\Interactive_map\\photos\\2025\\JSE1a_NE_20251112_105346.jpg", "filename": "JSE1a_NE_20251112_105346", "directory": "C:\\FHMP\\Interactive_map\\photos\\2025", "altitude": 124.0, "direction": null, "rotation": 90, "longitude": "117.34483219444444", "latitude": "-34.791523805555556", "timestamp": "2025-11-12T02:53:46Z" }, "geometry": { "type": "Point", "coordinates": [ 117.344832194444436, -34.791523805555556, 124.0 ] } },
{ "type": "Feature", "properties": { "fid": 133, "photo": "C:\\FHMP\\Interactive_map\\photos\\2025\\JSE1a_NW_20251112_143923.jpg", "filename": "JSE1a_NW_20251112_143923", "directory": "C:\\FHMP\\Interactive_map\\photos\\2025", "altitude": 142.0, "direction": null, "rotation": 90, "longitude": "117.3437841111111", "latitude": "-34.791489388888884", "timestamp": "2025-11-12T06:39:23Z" }, "geometry": { "type": "Point", "coordinates": [ 117.343784111111106, -34.791489388888884, 142.0 ] } },
{ "type": "Feature", "properties": { "fid": 134, "photo": "C:\\FHMP\\Interactive_map\\photos\\2025\\JSE1a_SE_20251112_132101.jpg", "filename": "JSE1a_SE_20251112_132101", "directory": "C:\\FHMP\\Interactive_map\\photos\\2025", "altitude": 149.0, "direction": null, "rotation": 90, "longitude": "117.34473088888889", "latitude": "-34.79229330555555", "timestamp": "2025-11-12T05:21:01Z" }, "geometry": { "type": "Point", "coordinates": [ 117.34473088888889, -34.792293305555553, 149.0 ] } },
{ "type": "Feature", "properties": { "fid": 135, "photo": "C:\\FHMP\\Interactive_map\\photos\\2025\\JSE1a_SW_20251112_092929.jpg", "filename": "JSE1a_SW_20251112_092929", "directory": "C:\\FHMP\\Interactive_map\\photos\\2025", "altitude": 119.0, "direction": null, "rotation": 90, "longitude": "117.34373649999999", "latitude": "-34.792387194444444", "timestamp": "2025-11-12T01:29:29Z" }, "geometry": { "type": "Point", "coordinates": [ 117.3437365, -34.792387194444444, 119.0 ] } },
{ "type": "Feature", "properties": { "fid": 136, "photo": "C:\\FHMP\\Interactive_map\\photos\\2025\\JSE1b_NE_20251113_101251.jpg", "filename": "JSE1b_NE_20251113_101251", "directory": "C:\\FHMP\\Interactive_map\\photos\\2025", "altitude": 153.0, "direction": null, "rotation": 90, "longitude": "117.34294788888889", "latitude": "-34.77879580555555", "timestamp": "2025-11-13T02:12:51Z" }, "geometry": { "type": "Point", "coordinates": [ 117.342947888888887, -34.778795805555553, 153.0 ] } },
{ "type": "Feature", "properties": { "fid": 137, "photo": "C:\\FHMP\\Interactive_map\\photos\\2025\\JSE1b_NW_20251113_135639.jpg", "filename": "JSE1b_NW_20251113_135639", "directory": "C:\\FHMP\\Interactive_map\\photos\\2025", "altitude": 179.0, "direction": null, "rotation": 90, "longitude": "117.34190419444444", "latitude": "-34.77870488888889", "timestamp": "2025-11-13T05:56:40Z" }, "geometry": { "type": "Point", "coordinates": [ 117.341904194444439, -34.778704888888889, 179.0 ] } },
{ "type": "Feature", "properties": { "fid": 138, "photo": "C:\\FHMP\\Interactive_map\\photos\\2025\\JSE1b_SE_20251113_082944.jpg", "filename": "JSE1b_SE_20251113_082944", "directory": "C:\\FHMP\\Interactive_map\\photos\\2025", "altitude": 166.0, "direction": null, "rotation": 90, "longitude": "117.343004", "latitude": "-34.77963261111111", "timestamp": "2025-11-13T00:29:45Z" }, "geometry": { "type": "Point", "coordinates": [ 117.343004, -34.779632611111111, 166.0 ] } },
{ "type": "Feature", "properties": { "fid": 139, "photo": "C:\\FHMP\\Interactive_map\\photos\\2025\\JSE1b_SW_20251113_123442.jpg", "filename": "JSE1b_SW_20251113_123442", "directory": "C:\\FHMP\\Interactive_map\\photos\\2025", "altitude": 156.0, "direction": null, "rotation": 90, "longitude": "117.34190111111111", "latitude": "-34.77962819444444", "timestamp": "2025-11-13T04:34:42Z" }, "geometry": { "type": "Point", "coordinates": [ 117.341901111111113, -34.779628194444442, 156.0 ] } },
{ "type": "Feature", "properties": { "fid": 140, "photo": "C:\\FHMP\\Interactive_map\\photos\\2025\\JSE1c_NE_20251111_085816.jpg", "filename": "JSE1c_NE_20251111_085816", "directory": "C:\\FHMP\\Interactive_map\\photos\\2025", "altitude": 91.0, "direction": null, "rotation": 90, "longitude": "117.34610319444444", "latitude": "-34.79669638888889", "timestamp": "2025-11-11T00:58:16Z" }, "geometry": { "type": "Point", "coordinates": [ 117.346103194444439, -34.79669638888889, 91.0 ] } },
{ "type": "Feature", "properties": { "fid": 141, "photo": "C:\\FHMP\\Interactive_map\\photos\\2025\\JSE1c_NW_20251111_162029.jpg", "filename": "JSE1c_NW_20251111_162029", "directory": "C:\\FHMP\\Interactive_map\\photos\\2025", "altitude": 67.0, "direction": null, "rotation": 90, "longitude": "117.34471011111111", "latitude": "-34.796633694444445", "timestamp": "2025-11-11T08:20:29Z" }, "geometry": { "type": "Point", "coordinates": [ 117.344710111111112, -34.796633694444445, 67.0 ] } },
{ "type": "Feature", "properties": { "fid": 142, "photo": "C:\\FHMP\\Interactive_map\\photos\\2025\\JSE1c_SE_20251111_132136.jpg", "filename": "JSE1c_SE_20251111_132136", "directory": "C:\\FHMP\\Interactive_map\\photos\\2025", "altitude": 107.0, "direction": null, "rotation": 90, "longitude": "117.34610319444444", "latitude": "-34.79745780555555", "timestamp": "2025-11-11T05:21:36Z" }, "geometry": { "type": "Point", "coordinates": [ 117.346103194444439, -34.797457805555553, 107.0 ] } },
{ "type": "Feature", "properties": { "fid": 143, "photo": "C:\\FHMP\\Interactive_map\\photos\\2025\\JSE1c_SW_20251111_110244.jpg", "filename": "JSE1c_SW_20251111_110244", "directory": "C:\\FHMP\\Interactive_map\\photos\\2025", "altitude": 96.0, "direction": null, "rotation": 90, "longitude": "117.34484280555554", "latitude": "-34.79757188888889", "timestamp": "2025-11-11T03:02:45Z" }, "geometry": { "type": "Point", "coordinates": [ 117.344842805555544, -34.797571888888889, 96.0 ] } },
{ "type": "Feature", "properties": { "fid": 144, "photo": "C:\\FHMP\\Interactive_map\\photos\\2025\\JSE2a_NE_20251108_164504.jpg", "filename": "JSE2a_NE_20251108_164504", "directory": "C:\\FHMP\\Interactive_map\\photos\\2025", "altitude": 117.0, "direction": null, "rotation": 90, "longitude": "116.830309", "latitude": "-34.60406261111111", "timestamp": "2025-11-08T08:45:05Z" }, "geometry": { "type": "Point", "coordinates": [ 116.830309, -34.604062611111111, 117.0 ] } },
{ "type": "Feature", "properties": { "fid": 145, "photo": "C:\\FHMP\\Interactive_map\\photos\\2025\\JSE2a_NW_20251108_121342.jpg", "filename": "JSE2a_NW_20251108_121342", "directory": "C:\\FHMP\\Interactive_map\\photos\\2025", "altitude": 117.0, "direction": null, "rotation": 90, "longitude": "116.82922569444445", "latitude": "-34.60410519444444", "timestamp": "2025-11-08T04:13:42Z" }, "geometry": { "type": "Point", "coordinates": [ 116.829225694444446, -34.604105194444443, 117.0 ] } },
{ "type": "Feature", "properties": { "fid": 146, "photo": "C:\\FHMP\\Interactive_map\\photos\\2025\\JSE2a_NW_20251108_121358.jpg", "filename": "JSE2a_NW_20251108_121358", "directory": "C:\\FHMP\\Interactive_map\\photos\\2025", "altitude": -47.0, "direction": null, "rotation": 90, "longitude": "116.82831069444444", "latitude": "-34.604353805555554", "timestamp": "2025-11-08T04:13:58Z" }, "geometry": { "type": "Point", "coordinates": [ 116.82831069444444, -34.604353805555554, -47.0 ] } },
{ "type": "Feature", "properties": { "fid": 147, "photo": "C:\\FHMP\\Interactive_map\\photos\\2025\\JSE2a_SE_20251108_095304.jpg", "filename": "JSE2a_SE_20251108_095304", "directory": "C:\\FHMP\\Interactive_map\\photos\\2025", "altitude": 145.0, "direction": null, "rotation": 90, "longitude": "116.83036830555555", "latitude": "-34.60500288888889", "timestamp": "2025-11-08T01:53:04Z" }, "geometry": { "type": "Point", "coordinates": [ 116.830368305555552, -34.60500288888889, 145.0 ] } },
{ "type": "Feature", "properties": { "fid": 148, "photo": "C:\\FHMP\\Interactive_map\\photos\\2025\\JSE2a_SW_20251110_160018.jpg", "filename": "JSE2a_SW_20251110_160018", "directory": "C:\\FHMP\\Interactive_map\\photos\\2025", "altitude": 156.0, "direction": null, "rotation": 90, "longitude": "116.82924230555555", "latitude": "-34.60506380555556", "timestamp": "2025-11-10T08:00:18Z" }, "geometry": { "type": "Point", "coordinates": [ 116.829242305555553, -34.605063805555559, 156.0 ] } },
{ "type": "Feature", "properties": { "fid": 149, "photo": "C:\\FHMP\\Interactive_map\\photos\\2025\\JSE2b_NE_20251106_151737.jpg", "filename": "JSE2b_NE_20251106_151737", "directory": "C:\\FHMP\\Interactive_map\\photos\\2025", "altitude": 164.0, "direction": null, "rotation": 90, "longitude": "116.81670979972222", "latitude": "-34.60680219444445", "timestamp": "2025-11-06T07:17:37Z" }, "geometry": { "type": "Point", "coordinates": [ 116.816709799722219, -34.606802194444448, 164.0 ] } },
{ "type": "Feature", "properties": { "fid": 150, "photo": "C:\\FHMP\\Interactive_map\\photos\\2025\\JSE2b_NW_20251103_144749.jpg", "filename": "JSE2b_NW_20251103_144749", "directory": "C:\\FHMP\\Interactive_map\\photos\\2025", "altitude": 171.0, "direction": null, "rotation": 90, "longitude": "116.815572", "latitude": "-34.6067795", "timestamp": "2025-11-03T06:47:50Z" }, "geometry": { "type": "Point", "coordinates": [ 116.815572, -34.6067795, 171.0 ] } },
{ "type": "Feature", "properties": { "fid": 151, "photo": "C:\\FHMP\\Interactive_map\\photos\\2025\\JSE2b_NW_20251106_100818.jpg", "filename": "JSE2b_NW_20251106_100818", "directory": "C:\\FHMP\\Interactive_map\\photos\\2025", "altitude": 150.0, "direction": null, "rotation": 90, "longitude": "116.81565569444444", "latitude": "-34.60675", "timestamp": "2025-11-06T02:08:18Z" }, "geometry": { "type": "Point", "coordinates": [ 116.815655694444445, -34.60675, 150.0 ] } },
{ "type": "Feature", "properties": { "fid": 152, "photo": "C:\\FHMP\\Interactive_map\\photos\\2025\\JSE2b_SE_20251106_110233.jpg", "filename": "JSE2b_SE_20251106_110233", "directory": "C:\\FHMP\\Interactive_map\\photos\\2025", "altitude": 141.0, "direction": null, "rotation": 90, "longitude": "116.8167392", "latitude": "-34.60770911111111", "timestamp": "2025-11-06T03:02:33Z" }, "geometry": { "type": "Point", "coordinates": [ 116.8167392, -34.607709111111113, 141.0 ] } },
{ "type": "Feature", "properties": { "fid": 153, "photo": "C:\\FHMP\\Interactive_map\\photos\\2025\\JSE2b_SW_20251106_122812.jpg", "filename": "JSE2b_SW_20251106_122812", "directory": "C:\\FHMP\\Interactive_map\\photos\\2025", "altitude": 144.0, "direction": null, "rotation": 90, "longitude": "116.8156685", "latitude": "-34.60768488888889", "timestamp": "2025-11-06T04:28:12Z" }, "geometry": { "type": "Point", "coordinates": [ 116.8156685, -34.60768488888889, 144.0 ] } },
{ "type": "Feature", "properties": { "fid": 154, "photo": "C:\\FHMP\\Interactive_map\\photos\\2025\\JSE2c_NE_20251107_112747.jpg", "filename": "JSE2c_NE_20251107_112747", "directory": "C:\\FHMP\\Interactive_map\\photos\\2025", "altitude": 156.0, "direction": null, "rotation": 90, "longitude": "116.82568788888888", "latitude": "-34.606920111111116", "timestamp": "2025-11-07T03:27:48Z" }, "geometry": { "type": "Point", "coordinates": [ 116.825687888888879, -34.606920111111116, 156.0 ] } },
{ "type": "Feature", "properties": { "fid": 155, "photo": "C:\\FHMP\\Interactive_map\\photos\\2025\\JSE2c_NW_20251107_085504.jpg", "filename": "JSE2c_NW_20251107_085504", "directory": "C:\\FHMP\\Interactive_map\\photos\\2025", "altitude": 130.0, "direction": null, "rotation": 90, "longitude": "116.82430011111111", "latitude": "-34.60696988888889", "timestamp": "2025-11-07T00:55:05Z" }, "geometry": { "type": "Point", "coordinates": [ 116.824300111111114, -34.606969888888891, 130.0 ] } },
{ "type": "Feature", "properties": { "fid": 156, "photo": "C:\\FHMP\\Interactive_map\\photos\\2025\\JSE2c_SE_20251107_145040.jpg", "filename": "JSE2c_SE_20251107_145040", "directory": "C:\\FHMP\\Interactive_map\\photos\\2025", "altitude": 125.0, "direction": null, "rotation": 90, "longitude": "116.82550838888889", "latitude": "-34.607555500000004", "timestamp": "2025-11-07T06:50:40Z" }, "geometry": { "type": "Point", "coordinates": [ 116.825508388888892, -34.6075555, 125.0 ] } },
{ "type": "Feature", "properties": { "fid": 157, "photo": "C:\\FHMP\\Interactive_map\\photos\\2025\\JSE2c_SW_20251107_172946.jpg", "filename": "JSE2c_SW_20251107_172946", "directory": "C:\\FHMP\\Interactive_map\\photos\\2025", "altitude": 151.0, "direction": null, "rotation": 90, "longitude": "116.82434469444443", "latitude": "-34.607742111111115", "timestamp": "2025-11-07T09:29:46Z" }, "geometry": { "type": "Point", "coordinates": [ 116.824344694444434, -34.607742111111115, 151.0 ] } },
{ "type": "Feature", "properties": { "fid": 158, "photo": "C:\\FHMP\\Interactive_map\\photos\\2025\\JSE3a_NE_20250515_122123.jpg", "filename": "JSE3a_NE_20250515_122123", "directory": "C:\\FHMP\\Interactive_map\\photos\\2025", "altitude": 199.0, "direction": null, "rotation": 90, "longitude": "116.53907161111111", "latitude": "-34.28983288888889", "timestamp": "2025-05-15T04:21:24Z" }, "geometry": { "type": "Point", "coordinates": [ 116.539071611111112, -34.289832888888888, 199.0 ] } },
{ "type": "Feature", "properties": { "fid": 159, "photo": "C:\\FHMP\\Interactive_map\\photos\\2025\\JSE3a_NW_20250515_105519.jpg", "filename": "JSE3a_NW_20250515_105519", "directory": "C:\\FHMP\\Interactive_map\\photos\\2025", "altitude": 213.0, "direction": null, "rotation": 90, "longitude": "116.53800119444445", "latitude": "-34.289876694444445", "timestamp": "2025-05-15T02:55:19Z" }, "geometry": { "type": "Point", "coordinates": [ 116.538001194444448, -34.289876694444445, 213.0 ] } },
{ "type": "Feature", "properties": { "fid": 160, "photo": "C:\\FHMP\\Interactive_map\\photos\\2025\\JSE3a_SE_20250515_141852.jpg", "filename": "JSE3a_SE_20250515_141852", "directory": "C:\\FHMP\\Interactive_map\\photos\\2025", "altitude": 236.0, "direction": null, "rotation": 90, "longitude": "116.53915161111111", "latitude": "-34.290853194444445", "timestamp": "2025-05-15T06:18:52Z" }, "geometry": { "type": "Point", "coordinates": [ 116.539151611111109, -34.290853194444445, 236.0 ] } },
{ "type": "Feature", "properties": { "fid": 161, "photo": "C:\\FHMP\\Interactive_map\\photos\\2025\\JSE3a_SW_20250515_154614.jpg", "filename": "JSE3a_SW_20250515_154614", "directory": "C:\\FHMP\\Interactive_map\\photos\\2025", "altitude": 356.0, "direction": null, "rotation": 90, "longitude": "116.53792719444444", "latitude": "-34.29124888888889", "timestamp": "2025-05-15T07:46:15Z" }, "geometry": { "type": "Point", "coordinates": [ 116.537927194444435, -34.291248888888887, 356.0 ] } },
{ "type": "Feature", "properties": { "fid": 162, "photo": "C:\\FHMP\\Interactive_map\\photos\\2025\\JSE3b_NE_20250516_094030.jpg", "filename": "JSE3b_NE_20250516_094030", "directory": "C:\\FHMP\\Interactive_map\\photos\\2025", "altitude": 235.0, "direction": null, "rotation": 90, "longitude": "116.53857569444445", "latitude": "-34.297756111111106", "timestamp": "2025-05-16T01:40:31Z" }, "geometry": { "type": "Point", "coordinates": [ 116.538575694444447, -34.297756111111106, 235.0 ] } },
{ "type": "Feature", "properties": { "fid": 163, "photo": "C:\\FHMP\\Interactive_map\\photos\\2025\\JSE3b_NW_20250516_104644.jpg", "filename": "JSE3b_NW_20250516_104644", "directory": "C:\\FHMP\\Interactive_map\\photos\\2025", "altitude": 236.0, "direction": null, "rotation": 90, "longitude": "116.53748030555555", "latitude": "-34.2974865", "timestamp": "2025-05-16T02:46:44Z" }, "geometry": { "type": "Point", "coordinates": [ 116.537480305555547, -34.2974865, 236.0 ] } },
{ "type": "Feature", "properties": { "fid": 164, "photo": "C:\\FHMP\\Interactive_map\\photos\\2025\\JSE3b_SE_20250516_081524.jpg", "filename": "JSE3b_SE_20250516_081524", "directory": "C:\\FHMP\\Interactive_map\\photos\\2025", "altitude": null, "direction": null, "rotation": 90, "longitude": "116.53870080555555", "latitude": "-34.298748805555554", "timestamp": "2025-05-16T00:15:25Z" }, "geometry": { "type": "Point", "coordinates": [ 116.53870080555555, -34.298748805555554, 0.0 ] } },
{ "type": "Feature", "properties": { "fid": 165, "photo": "C:\\FHMP\\Interactive_map\\photos\\2025\\JSE3b_SW_20250516_125945.jpg", "filename": "JSE3b_SW_20250516_125945", "directory": "C:\\FHMP\\Interactive_map\\photos\\2025", "altitude": 241.0, "direction": null, "rotation": 90, "longitude": "116.53738", "latitude": "-34.298761999999996", "timestamp": "2025-05-16T04:59:46Z" }, "geometry": { "type": "Point", "coordinates": [ 116.53738, -34.298762, 241.0 ] } },
{ "type": "Feature", "properties": { "fid": 166, "photo": "C:\\FHMP\\Interactive_map\\photos\\2025\\JSE3c_NE_20250514_152453.jpg", "filename": "JSE3c_NE_20250514_152453", "directory": "C:\\FHMP\\Interactive_map\\photos\\2025", "altitude": 206.0, "direction": null, "rotation": 90, "longitude": "116.53930069444445", "latitude": "-34.284546299999995", "timestamp": "2025-05-14T07:24:54Z" }, "geometry": { "type": "Point", "coordinates": [ 116.539300694444449, -34.2845463, 206.0 ] } },
{ "type": "Feature", "properties": { "fid": 167, "photo": "C:\\FHMP\\Interactive_map\\photos\\2025\\JSE3c_NW_20250514_134531.jpg", "filename": "JSE3c_NW_20250514_134531", "directory": "C:\\FHMP\\Interactive_map\\photos\\2025", "altitude": 202.0, "direction": null, "rotation": 90, "longitude": "116.53824969444445", "latitude": "-34.284631499999996", "timestamp": "2025-05-14T05:45:31Z" }, "geometry": { "type": "Point", "coordinates": [ 116.538249694444445, -34.2846315, 202.0 ] } },
{ "type": "Feature", "properties": { "fid": 168, "photo": "C:\\FHMP\\Interactive_map\\photos\\2025\\JSE3c_SE_20250515_095628.jpg", "filename": "JSE3c_SE_20250515_095628", "directory": "C:\\FHMP\\Interactive_map\\photos\\2025", "altitude": 201.0, "direction": null, "rotation": 90, "longitude": "116.5392645", "latitude": "-34.285559899999996", "timestamp": "2025-05-15T01:56:29Z" }, "geometry": { "type": "Point", "coordinates": [ 116.5392645, -34.2855599, 201.0 ] } },
{ "type": "Feature", "properties": { "fid": 169, "photo": "C:\\FHMP\\Interactive_map\\photos\\2025\\JSE3c_SW_20250514_170359.jpg", "filename": "JSE3c_SW_20250514_170359", "directory": "C:\\FHMP\\Interactive_map\\photos\\2025", "altitude": 232.0, "direction": null, "rotation": 90, "longitude": "116.53821669444444", "latitude": "-34.2854854", "timestamp": "2025-05-14T09:03:59Z" }, "geometry": { "type": "Point", "coordinates": [ 116.538216694444444, -34.2854854, 232.0 ] } },
{ "type": "Feature", "properties": { "fid": 170, "photo": "C:\\FHMP\\Interactive_map\\photos\\2025\\JSE6a_NE_20250512_135242.jpg", "filename": "JSE6a_NE_20250512_135242", "directory": "C:\\FHMP\\Interactive_map\\photos\\2025", "altitude": null, "direction": null, "rotation": 90, "longitude": "116.32775680555555", "latitude": "-34.07570561111111", "timestamp": "2025-05-12T05:52:42Z" }, "geometry": { "type": "Point", "coordinates": [ 116.327756805555552, -34.075705611111111, 0.0 ] } },
{ "type": "Feature", "properties": { "fid": 171, "photo": "C:\\FHMP\\Interactive_map\\photos\\2025\\JSE6a_NE_20250512_151545.jpg", "filename": "JSE6a_NE_20250512_151545", "directory": "C:\\FHMP\\Interactive_map\\photos\\2025", "altitude": 325.0, "direction": null, "rotation": 90, "longitude": "116.32864588888889", "latitude": "-34.075988111111116", "timestamp": "2025-05-12T07:15:45Z" }, "geometry": { "type": "Point", "coordinates": [ 116.328645888888886, -34.075988111111116, 325.0 ] } },
{ "type": "Feature", "properties": { "fid": 172, "photo": "C:\\FHMP\\Interactive_map\\photos\\2025\\JSE6a_NW_20250512_114705.jpg", "filename": "JSE6a_NW_20250512_114705", "directory": "C:\\FHMP\\Interactive_map\\photos\\2025", "altitude": 311.0, "direction": null, "rotation": 90, "longitude": "116.32670980555555", "latitude": "-34.07560769444445", "timestamp": "2025-05-12T03:47:05Z" }, "geometry": { "type": "Point", "coordinates": [ 116.326709805555552, -34.07560769444445, 311.0 ] } },
{ "type": "Feature", "properties": { "fid": 173, "photo": "C:\\FHMP\\Interactive_map\\photos\\2025\\JSE6a_SW_20250512_163037.jpg", "filename": "JSE6a_SW_20250512_163037", "directory": "C:\\FHMP\\Interactive_map\\photos\\2025", "altitude": 305.0, "direction": null, "rotation": 90, "longitude": "116.32667388888889", "latitude": "-34.07653030555556", "timestamp": "2025-05-12T08:30:37Z" }, "geometry": { "type": "Point", "coordinates": [ 116.326673888888891, -34.076530305555558, 305.0 ] } },
{ "type": "Feature", "properties": { "fid": 174, "photo": "C:\\FHMP\\Interactive_map\\photos\\2025\\JSE6b_NE_20250514_082018.jpg", "filename": "JSE6b_NE_20250514_082018", "directory": "C:\\FHMP\\Interactive_map\\photos\\2025", "altitude": 295.0, "direction": null, "rotation": 90, "longitude": "116.36862249999999", "latitude": "-34.08875788888889", "timestamp": "2025-05-14T00:20:18Z" }, "geometry": { "type": "Point", "coordinates": [ 116.368622499999987, -34.088757888888892, 295.0 ] } },
{ "type": "Feature", "properties": { "fid": 175, "photo": "C:\\FHMP\\Interactive_map\\photos\\2025\\JSE6b_NW_20250513_164217.jpg", "filename": "JSE6b_NW_20250513_164217", "directory": "C:\\FHMP\\Interactive_map\\photos\\2025", "altitude": 303.0, "direction": null, "rotation": 90, "longitude": "116.3675775", "latitude": "-34.0887115", "timestamp": "2025-05-13T08:42:17Z" }, "geometry": { "type": "Point", "coordinates": [ 116.3675775, -34.0887115, 303.0 ] } },
{ "type": "Feature", "properties": { "fid": 176, "photo": "C:\\FHMP\\Interactive_map\\photos\\2025\\JSE6b_SE_20250514_094404.jpg", "filename": "JSE6b_SE_20250514_094404", "directory": "C:\\FHMP\\Interactive_map\\photos\\2025", "altitude": 274.0, "direction": null, "rotation": 90, "longitude": "116.3686168", "latitude": "-34.0896775", "timestamp": "2025-05-14T01:44:04Z" }, "geometry": { "type": "Point", "coordinates": [ 116.3686168, -34.0896775, 274.0 ] } },
{ "type": "Feature", "properties": { "fid": 177, "photo": "C:\\FHMP\\Interactive_map\\photos\\2025\\JSE6b_SW_20250514_111458.jpg", "filename": "JSE6b_SW_20250514_111458", "directory": "C:\\FHMP\\Interactive_map\\photos\\2025", "altitude": 299.0, "direction": null, "rotation": 90, "longitude": "116.36755389999999", "latitude": "-34.08968130555556", "timestamp": "2025-05-14T03:14:58Z" }, "geometry": { "type": "Point", "coordinates": [ 116.3675539, -34.089681305555558, 299.0 ] } },
{ "type": "Feature", "properties": { "fid": 178, "photo": "C:\\FHMP\\Interactive_map\\photos\\2025\\JSE6c_NE_20250513_130429.jpg", "filename": "JSE6c_NE_20250513_130429", "directory": "C:\\FHMP\\Interactive_map\\photos\\2025", "altitude": 313.0, "direction": null, "rotation": 90, "longitude": "116.35889588888888", "latitude": "-34.083996", "timestamp": "2025-05-13T05:04:30Z" }, "geometry": { "type": "Point", "coordinates": [ 116.358895888888881, -34.083996, 313.0 ] } },
{ "type": "Feature", "properties": { "fid": 179, "photo": "C:\\FHMP\\Interactive_map\\photos\\2025\\JSE6c_NW_20250513_144222.jpg", "filename": "JSE6c_NW_20250513_144222", "directory": "C:\\FHMP\\Interactive_map\\photos\\2025", "altitude": 310.0, "direction": null, "rotation": 90, "longitude": "116.35793169444445", "latitude": "-34.0838922", "timestamp": "2025-05-13T06:42:22Z" }, "geometry": { "type": "Point", "coordinates": [ 116.357931694444446, -34.0838922, 310.0 ] } },
{ "type": "Feature", "properties": { "fid": 180, "photo": "C:\\FHMP\\Interactive_map\\photos\\2025\\JSE6c_SE_20250513_091450.jpg", "filename": "JSE6c_SE_20250513_091450", "directory": "C:\\FHMP\\Interactive_map\\photos\\2025", "altitude": 305.0, "direction": null, "rotation": 90, "longitude": "116.35892299999999", "latitude": "-34.0848062", "timestamp": "2025-05-13T01:14:50Z" }, "geometry": { "type": "Point", "coordinates": [ 116.358923, -34.0848062, 305.0 ] } },
{ "type": "Feature", "properties": { "fid": 181, "photo": "C:\\FHMP\\Interactive_map\\photos\\2025\\JSE6c_SW_20250513_104449.jpg", "filename": "JSE6c_SW_20250513_104449", "directory": "C:\\FHMP\\Interactive_map\\photos\\2025", "altitude": 303.0, "direction": null, "rotation": 90, "longitude": "116.35787769444444", "latitude": "-34.084844100000005", "timestamp": "2025-05-13T02:44:49Z" }, "geometry": { "type": "Point", "coordinates": [ 116.35787769444444, -34.0848441, 303.0 ] } },
{ "type": "Feature", "properties": { "fid": 182, "photo": "C:\\FHMP\\Interactive_map\\photos\\2025\\JSE7a_NE_20251006_142408.jpg", "filename": "JSE7a_NE_20251006_142408", "directory": "C:\\FHMP\\Interactive_map\\photos\\2025", "altitude": 271.0, "direction": null, "rotation": 90, "longitude": "116.00655288888889", "latitude": "-34.085990800000005", "timestamp": "2025-10-06T06:24:08Z" }, "geometry": { "type": "Point", "coordinates": [ 116.006552888888891, -34.0859908, 271.0 ] } },
{ "type": "Feature", "properties": { "fid": 183, "photo": "C:\\FHMP\\Interactive_map\\photos\\2025\\JSE7a_NW_20251006_120426.jpg", "filename": "JSE7a_NW_20251006_120426", "directory": "C:\\FHMP\\Interactive_map\\photos\\2025", "altitude": 278.0, "direction": null, "rotation": 90, "longitude": "116.00541019444445", "latitude": "-34.0859632", "timestamp": "2025-10-06T04:04:27Z" }, "geometry": { "type": "Point", "coordinates": [ 116.005410194444451, -34.0859632, 278.0 ] } },
{ "type": "Feature", "properties": { "fid": 184, "photo": "C:\\FHMP\\Interactive_map\\photos\\2025\\JSE7a_SW_20251009_083612.jpg", "filename": "JSE7a_SW_20251009_083612", "directory": "C:\\FHMP\\Interactive_map\\photos\\2025", "altitude": 265.0, "direction": null, "rotation": 90, "longitude": "116.00552669444444", "latitude": "-34.0868915", "timestamp": "2025-10-09T00:36:12Z" }, "geometry": { "type": "Point", "coordinates": [ 116.005526694444441, -34.0868915, 265.0 ] } },
{ "type": "Feature", "properties": { "fid": 185, "photo": "C:\\FHMP\\Interactive_map\\photos\\2025\\JSE7b_NE_20251008_101903.jpg", "filename": "JSE7b_NE_20251008_101903", "directory": "C:\\FHMP\\Interactive_map\\photos\\2025", "altitude": 228.0, "direction": null, "rotation": 90, "longitude": "116.0306546111111", "latitude": "-34.09208080555556", "timestamp": "2025-10-08T02:19:04Z" }, "geometry": { "type": "Point", "coordinates": [ 116.030654611111103, -34.092080805555561, 228.0 ] } },
{ "type": "Feature", "properties": { "fid": 186, "photo": "C:\\FHMP\\Interactive_map\\photos\\2025\\JSE7b_NW_20251008_082711.jpg", "filename": "JSE7b_NW_20251008_082711", "directory": "C:\\FHMP\\Interactive_map\\photos\\2025", "altitude": 241.0, "direction": null, "rotation": 90, "longitude": "116.0297535", "latitude": "-34.092065500000004", "timestamp": "2025-10-08T00:27:12Z" }, "geometry": { "type": "Point", "coordinates": [ 116.0297535, -34.0920655, 241.0 ] } },
{ "type": "Feature", "properties": { "fid": 187, "photo": "C:\\FHMP\\Interactive_map\\photos\\2025\\JSE7b_SE_20251008_140434.jpg", "filename": "JSE7b_SE_20251008_140434", "directory": "C:\\FHMP\\Interactive_map\\photos\\2025", "altitude": 214.0, "direction": null, "rotation": 90, "longitude": "116.03081380555555", "latitude": "-34.092946805555556", "timestamp": "2025-10-08T06:04:34Z" }, "geometry": { "type": "Point", "coordinates": [ 116.030813805555553, -34.092946805555556, 214.0 ] } },
{ "type": "Feature", "properties": { "fid": 188, "photo": "C:\\FHMP\\Interactive_map\\photos\\2025\\JSE7b_SW_20251008_115928.jpg", "filename": "JSE7b_SW_20251008_115928", "directory": "C:\\FHMP\\Interactive_map\\photos\\2025", "altitude": 241.0, "direction": null, "rotation": 90, "longitude": "116.02969399999999", "latitude": "-34.0929675", "timestamp": "2025-10-08T03:59:28Z" }, "geometry": { "type": "Point", "coordinates": [ 116.029694, -34.0929675, 241.0 ] } },
{ "type": "Feature", "properties": { "fid": 189, "photo": "C:\\FHMP\\Interactive_map\\photos\\2025\\JSE7c_NE_20251007_113326.jpg", "filename": "JSE7c_NE_20251007_113326", "directory": "C:\\FHMP\\Interactive_map\\photos\\2025", "altitude": 238.0, "direction": null, "rotation": 90, "longitude": "116.0282668888889", "latitude": "-34.09066119444444", "timestamp": "2025-10-07T03:33:26Z" }, "geometry": { "type": "Point", "coordinates": [ 116.028266888888894, -34.090661194444444, 238.0 ] } },
{ "type": "Feature", "properties": { "fid": 190, "photo": "C:\\FHMP\\Interactive_map\\photos\\2025\\JSE7c_NW_20251007_153559.jpg", "filename": "JSE7c_NW_20251007_153559", "directory": "C:\\FHMP\\Interactive_map\\photos\\2025", "altitude": 242.0, "direction": null, "rotation": 90, "longitude": "116.02728038888888", "latitude": "-34.09055680555556", "timestamp": "2025-10-07T07:36:00Z" }, "geometry": { "type": "Point", "coordinates": [ 116.027280388888883, -34.090556805555558, 242.0 ] } },
{ "type": "Feature", "properties": { "fid": 191, "photo": "C:\\FHMP\\Interactive_map\\photos\\2025\\JSE7c_SE_20251007_091502.jpg", "filename": "JSE7c_SE_20251007_091502", "directory": "C:\\FHMP\\Interactive_map\\photos\\2025", "altitude": 245.0, "direction": null, "rotation": 90, "longitude": "116.02831080555555", "latitude": "-34.091505000000005", "timestamp": "2025-10-07T01:15:02Z" }, "geometry": { "type": "Point", "coordinates": [ 116.028310805555549, -34.091505, 245.0 ] } },
{ "type": "Feature", "properties": { "fid": 192, "photo": "C:\\FHMP\\Interactive_map\\photos\\2025\\KAR2a_NE_20251022_143646.jpg", "filename": "KAR2a_NE_20251022_143646", "directory": "C:\\FHMP\\Interactive_map\\photos\\2025", "altitude": 38.0, "direction": null, "rotation": 90, "longitude": "115.0720426111111", "latitude": "-34.14115288888889", "timestamp": "2025-10-22T06:36:46Z" }, "geometry": { "type": "Point", "coordinates": [ 115.072042611111101, -34.14115288888889, 38.0 ] } },
{ "type": "Feature", "properties": { "fid": 193, "photo": "C:\\FHMP\\Interactive_map\\photos\\2025\\KAR2a_NE_20251023_120547.jpg", "filename": "KAR2a_NE_20251023_120547", "directory": "C:\\FHMP\\Interactive_map\\photos\\2025", "altitude": 137.0, "direction": null, "rotation": 90, "longitude": "115.07334819444443", "latitude": "-34.14115488888889", "timestamp": "2025-10-23T04:05:47Z" }, "geometry": { "type": "Point", "coordinates": [ 115.073348194444435, -34.141154888888892, 137.0 ] } },
{ "type": "Feature", "properties": { "fid": 194, "photo": "C:\\FHMP\\Interactive_map\\photos\\2025\\KAR2a_NW_20251022_111001.jpg", "filename": "KAR2a_NW_20251022_111001", "directory": "C:\\FHMP\\Interactive_map\\photos\\2025", "altitude": 27.0, "direction": null, "rotation": 90, "longitude": "115.07129719444444", "latitude": "-34.140792194444444", "timestamp": "2025-10-22T03:10:01Z" }, "geometry": { "type": "Point", "coordinates": [ 115.07129719444444, -34.140792194444444, 27.0 ] } },
{ "type": "Feature", "properties": { "fid": 195, "photo": "C:\\FHMP\\Interactive_map\\photos\\2025\\KAR2a_SE_20251023_084109.jpg", "filename": "KAR2a_SE_20251023_084109", "directory": "C:\\FHMP\\Interactive_map\\photos\\2025", "altitude": 54.0, "direction": null, "rotation": 90, "longitude": "115.0725831111111", "latitude": "-34.14169280555556", "timestamp": "2025-10-23T00:41:10Z" }, "geometry": { "type": "Point", "coordinates": [ 115.072583111111101, -34.141692805555557, 54.0 ] } },
{ "type": "Feature", "properties": { "fid": 196, "photo": "C:\\FHMP\\Interactive_map\\photos\\2025\\KAR2a_SW_20251022_161014.jpg", "filename": "KAR2a_SW_20251022_161014", "directory": "C:\\FHMP\\Interactive_map\\photos\\2025", "altitude": 143.0, "direction": null, "rotation": 90, "longitude": "115.0716256111111", "latitude": "-34.141877694444446", "timestamp": "2025-10-22T08:10:14Z" }, "geometry": { "type": "Point", "coordinates": [ 115.071625611111102, -34.141877694444446, 143.0 ] } },
{ "type": "Feature", "properties": { "fid": 197, "photo": "C:\\FHMP\\Interactive_map\\photos\\2025\\KAR2b_NE_20251015_145456.jpg", "filename": "KAR2b_NE_20251015_145456", "directory": "C:\\FHMP\\Interactive_map\\photos\\2025", "altitude": 71.0, "direction": null, "rotation": 90, "longitude": "115.06947138888889", "latitude": "-34.13282380555555", "timestamp": "2025-10-15T06:54:56Z" }, "geometry": { "type": "Point", "coordinates": [ 115.069471388888886, -34.132823805555553, 71.0 ] } },
{ "type": "Feature", "properties": { "fid": 198, "photo": "C:\\FHMP\\Interactive_map\\photos\\2025\\KAR2b_NW_20251014_111828.jpg", "filename": "KAR2b_NW_20251014_111828", "directory": "C:\\FHMP\\Interactive_map\\photos\\2025", "altitude": null, "direction": null, "rotation": 90, "longitude": "115.0681542", "latitude": "-34.132874361111114", "timestamp": "2025-10-14T03:18:28Z" }, "geometry": { "type": "Point", "coordinates": [ 115.0681542, -34.132874361111114, 0.0 ] } },
{ "type": "Feature", "properties": { "fid": 199, "photo": "C:\\FHMP\\Interactive_map\\photos\\2025\\KAR2b_SE_20251015_102534.jpg", "filename": "KAR2b_SE_20251015_102534", "directory": "C:\\FHMP\\Interactive_map\\photos\\2025", "altitude": 92.0, "direction": null, "rotation": 90, "longitude": "115.0692052", "latitude": "-34.1337188", "timestamp": "2025-10-15T02:25:34Z" }, "geometry": { "type": "Point", "coordinates": [ 115.0692052, -34.1337188, 92.0 ] } },
{ "type": "Feature", "properties": { "fid": 200, "photo": "C:\\FHMP\\Interactive_map\\photos\\2025\\KAR2b_SW_20251014_165327.jpg", "filename": "KAR2b_SW_20251014_165327", "directory": "C:\\FHMP\\Interactive_map\\photos\\2025", "altitude": null, "direction": null, "rotation": 90, "longitude": "115.0682094", "latitude": "-34.13373406111111", "timestamp": "2025-10-14T08:53:27Z" }, "geometry": { "type": "Point", "coordinates": [ 115.0682094, -34.133734061111113, 0.0 ] } },
{ "type": "Feature", "properties": { "fid": 201, "photo": "C:\\FHMP\\Interactive_map\\photos\\2025\\TGL1a_NE_20251104_110125.jpg", "filename": "TGL1a_NE_20251104_110125", "directory": "C:\\FHMP\\Interactive_map\\photos\\2025", "altitude": null, "direction": null, "rotation": 90, "longitude": "116.620736", "latitude": "-34.81461761111111", "timestamp": "2025-11-04T03:01:25Z" }, "geometry": { "type": "Point", "coordinates": [ 116.620736, -34.81461761111111, 0.0 ] } },
{ "type": "Feature", "properties": { "fid": 202, "photo": "C:\\FHMP\\Interactive_map\\photos\\2025\\TGL1a_NW_20251104_124533.jpg", "filename": "TGL1a_NW_20251104_124533", "directory": "C:\\FHMP\\Interactive_map\\photos\\2025", "altitude": 72.0, "direction": null, "rotation": 90, "longitude": "116.61968399999999", "latitude": "-34.814578805555556", "timestamp": "2025-11-04T04:45:34Z" }, "geometry": { "type": "Point", "coordinates": [ 116.619684, -34.814578805555556, 72.0 ] } },
{ "type": "Feature", "properties": { "fid": 203, "photo": "C:\\FHMP\\Interactive_map\\photos\\2025\\TGL1a_SE_20251104_091424.jpg", "filename": "TGL1a_SE_20251104_091424", "directory": "C:\\FHMP\\Interactive_map\\photos\\2025", "altitude": 68.0, "direction": null, "rotation": 90, "longitude": "116.6207756111111", "latitude": "-34.815427888888884", "timestamp": "2025-11-04T01:14:25Z" }, "geometry": { "type": "Point", "coordinates": [ 116.6207756111111, -34.815427888888884, 68.0 ] } },
{ "type": "Feature", "properties": { "fid": 204, "photo": "C:\\FHMP\\Interactive_map\\photos\\2025\\TGL1a_SW_20251104_153900.jpg", "filename": "TGL1a_SW_20251104_153900", "directory": "C:\\FHMP\\Interactive_map\\photos\\2025", "altitude": 74.0, "direction": null, "rotation": 90, "longitude": "116.61961519444444", "latitude": "-34.81548761111111", "timestamp": "2025-11-04T07:39:00Z" }, "geometry": { "type": "Point", "coordinates": [ 116.619615194444435, -34.815487611111109, 74.0 ] } },
{ "type": "Feature", "properties": { "fid": 205, "photo": "C:\\FHMP\\Interactive_map\\photos\\2025\\TGL1b_NE_20251109_172711.jpg", "filename": "TGL1b_NE_20251109_172711", "directory": "C:\\FHMP\\Interactive_map\\photos\\2025", "altitude": 114.0, "direction": null, "rotation": 90, "longitude": "116.64694688888889", "latitude": "-34.815502305555555", "timestamp": "2025-11-09T09:27:11Z" }, "geometry": { "type": "Point", "coordinates": [ 116.646946888888891, -34.815502305555555, 114.0 ] } },
{ "type": "Feature", "properties": { "fid": 206, "photo": "C:\\FHMP\\Interactive_map\\photos\\2025\\TGL1b_NW_20251110_104954.jpg", "filename": "TGL1b_NW_20251110_104954", "directory": "C:\\FHMP\\Interactive_map\\photos\\2025", "altitude": 150.0, "direction": null, "rotation": 90, "longitude": "116.64586430555556", "latitude": "-34.8152245", "timestamp": "2025-11-10T02:49:54Z" }, "geometry": { "type": "Point", "coordinates": [ 116.645864305555563, -34.8152245, 150.0 ] } },
{ "type": "Feature", "properties": { "fid": 207, "photo": "C:\\FHMP\\Interactive_map\\photos\\2025\\TGL1b_SE_20251109_094734.jpg", "filename": "TGL1b_SE_20251109_094734", "directory": "C:\\FHMP\\Interactive_map\\photos\\2025", "altitude": 95.0, "direction": null, "rotation": 90, "longitude": "116.64700919444445", "latitude": "-34.81632419444444", "timestamp": "2025-11-09T01:47:35Z" }, "geometry": { "type": "Point", "coordinates": [ 116.64700919444445, -34.816324194444441, 95.0 ] } },
{ "type": "Feature", "properties": { "fid": 208, "photo": "C:\\FHMP\\Interactive_map\\photos\\2025\\TGL1b_SW_20251109_131429.jpg", "filename": "TGL1b_SW_20251109_131429", "directory": "C:\\FHMP\\Interactive_map\\photos\\2025", "altitude": 22.0, "direction": null, "rotation": 90, "longitude": "116.64582361111111", "latitude": "-34.81627980555555", "timestamp": "2025-11-09T05:14:29Z" }, "geometry": { "type": "Point", "coordinates": [ 116.645823611111112, -34.816279805555553, 22.0 ] } },
{ "type": "Feature", "properties": { "fid": 209, "photo": "C:\\FHMP\\Interactive_map\\photos\\2025\\TGL2a_NE_20250501_082353.jpg", "filename": "TGL2a_NE_20250501_082353", "directory": "C:\\FHMP\\Interactive_map\\photos\\2025", "altitude": 132.0, "direction": null, "rotation": 90, "longitude": "116.86862579999999", "latitude": "-34.80954930555555", "timestamp": "2025-05-01T00:23:53Z" }, "geometry": { "type": "Point", "coordinates": [ 116.8686258, -34.809549305555549, 132.0 ] } },
{ "type": "Feature", "properties": { "fid": 210, "photo": "C:\\FHMP\\Interactive_map\\photos\\2025\\TGL2a_NW_20250430_160009.jpg", "filename": "TGL2a_NW_20250430_160009", "directory": "C:\\FHMP\\Interactive_map\\photos\\2025", "altitude": 144.0, "direction": null, "rotation": 90, "longitude": "116.86757859999999", "latitude": "-34.80957411111111", "timestamp": "2025-04-30T08:00:09Z" }, "geometry": { "type": "Point", "coordinates": [ 116.867578599999987, -34.809574111111111, 144.0 ] } },
{ "type": "Feature", "properties": { "fid": 211, "photo": "C:\\FHMP\\Interactive_map\\photos\\2025\\TGL2a_SE_20250430_142458.jpg", "filename": "TGL2a_SE_20250430_142458", "directory": "C:\\FHMP\\Interactive_map\\photos\\2025", "altitude": 136.0, "direction": null, "rotation": 90, "longitude": "116.86857069999999", "latitude": "-34.81047819444444", "timestamp": "2025-04-30T06:24:59Z" }, "geometry": { "type": "Point", "coordinates": [ 116.8685707, -34.810478194444443, 136.0 ] } },
{ "type": "Feature", "properties": { "fid": 212, "photo": "C:\\FHMP\\Interactive_map\\photos\\2025\\TGL2a_SW_20250430_120316.jpg", "filename": "TGL2a_SW_20250430_120316", "directory": "C:\\FHMP\\Interactive_map\\photos\\2025", "altitude": 153.0, "direction": null, "rotation": 90, "longitude": "116.86750029999999", "latitude": "-34.8103755", "timestamp": "2025-04-30T04:03:16Z" }, "geometry": { "type": "Point", "coordinates": [ 116.867500299999989, -34.8103755, 153.0 ] } },
{ "type": "Feature", "properties": { "fid": 213, "photo": "C:\\FHMP\\Interactive_map\\photos\\2025\\TGL2b_NE_20250501_114307.jpg", "filename": "TGL2b_NE_20250501_114307", "directory": "C:\\FHMP\\Interactive_map\\photos\\2025", "altitude": null, "direction": null, "rotation": 90, "longitude": "116.88916666666667", "latitude": "-34.81333333333333", "timestamp": null }, "geometry": { "type": "Point", "coordinates": [ 116.889166666666668, -34.813333333333333, 0.0 ] } },
{ "type": "Feature", "properties": { "fid": 214, "photo": "C:\\FHMP\\Interactive_map\\photos\\2025\\TGL2b_NW_20250501_145623.jpg", "filename": "TGL2b_NW_20250501_145623", "directory": "C:\\FHMP\\Interactive_map\\photos\\2025", "altitude": null, "direction": null, "rotation": 90, "longitude": "116.88805555555557", "latitude": "-34.81333333333333", "timestamp": null }, "geometry": { "type": "Point", "coordinates": [ 116.888055555555567, -34.813333333333333, 0.0 ] } },
{ "type": "Feature", "properties": { "fid": 215, "photo": "C:\\FHMP\\Interactive_map\\photos\\2025\\TGL2b_SE_0250501_103418.jpg", "filename": "TGL2b_SE_0250501_103418", "directory": "C:\\FHMP\\Interactive_map\\photos\\2025", "altitude": null, "direction": null, "rotation": 90, "longitude": "116.88916666666667", "latitude": "-34.81444444444444", "timestamp": null }, "geometry": { "type": "Point", "coordinates": [ 116.889166666666668, -34.81444444444444, 0.0 ] } },
{ "type": "Feature", "properties": { "fid": 216, "photo": "C:\\FHMP\\Interactive_map\\photos\\2025\\TGL2b_SW_20250501_141202.jpg", "filename": "TGL2b_SW_20250501_141202", "directory": "C:\\FHMP\\Interactive_map\\photos\\2025", "altitude": null, "direction": null, "rotation": 90, "longitude": "116.88805555555557", "latitude": "-34.81444444444444", "timestamp": null }, "geometry": { "type": "Point", "coordinates": [ 116.888055555555567, -34.81444444444444, 0.0 ] } },
{ "type": "Feature", "properties": { "fid": 217, "photo": "C:\\FHMP\\Interactive_map\\photos\\2025\\TGL3a_NE_20250429_112720.jpg", "filename": "TGL3a_NE_20250429_112720", "directory": "C:\\FHMP\\Interactive_map\\photos\\2025", "altitude": 12.0, "direction": null, "rotation": 90, "longitude": "116.80406630555555", "latitude": "-34.971986694444446", "timestamp": "2025-04-29T03:27:21Z" }, "geometry": { "type": "Point", "coordinates": [ 116.804066305555551, -34.971986694444446, 12.0 ] } },
{ "type": "Feature", "properties": { "fid": 218, "photo": "C:\\FHMP\\Interactive_map\\photos\\2025\\TGL3a_NW_20250430_094857.jpg", "filename": "TGL3a_NW_20250430_094857", "directory": "C:\\FHMP\\Interactive_map\\photos\\2025", "altitude": 53.0, "direction": null, "rotation": 90, "longitude": "116.80303269444444", "latitude": "-34.97181761111111", "timestamp": "2025-04-30T01:48:57Z" }, "geometry": { "type": "Point", "coordinates": [ 116.80303269444444, -34.971817611111113, 53.0 ] } },
{ "type": "Feature", "properties": { "fid": 219, "photo": "C:\\FHMP\\Interactive_map\\photos\\2025\\TGL3a_SE_20250429_171734.jpg", "filename": "TGL3a_SE_20250429_171734", "directory": "C:\\FHMP\\Interactive_map\\photos\\2025", "altitude": 14.0, "direction": null, "rotation": 90, "longitude": "116.80385538888889", "latitude": "-34.97294680555556", "timestamp": "2025-04-29T09:17:35Z" }, "geometry": { "type": "Point", "coordinates": [ 116.803855388888891, -34.972946805555559, 14.0 ] } },
{ "type": "Feature", "properties": { "fid": 220, "photo": "C:\\FHMP\\Interactive_map\\photos\\2025\\TGL3a_SW_20250429_142311.jpg", "filename": "TGL3a_SW_20250429_142311", "directory": "C:\\FHMP\\Interactive_map\\photos\\2025", "altitude": 15.0, "direction": null, "rotation": 90, "longitude": "116.80285630555555", "latitude": "-34.97287469444445", "timestamp": "2025-04-29T06:23:11Z" }, "geometry": { "type": "Point", "coordinates": [ 116.802856305555551, -34.97287469444445, 15.0 ] } },
{ "type": "Feature", "properties": { "fid": 221, "photo": "C:\\FHMP\\Interactive_map\\photos\\2025\\TGL3b_NE_20250428_165110.jpg", "filename": "TGL3b_NE_20250428_165110", "directory": "C:\\FHMP\\Interactive_map\\photos\\2025", "altitude": -52.0, "direction": null, "rotation": 90, "longitude": "116.81956588888889", "latitude": "-34.97895138888889", "timestamp": "2025-04-28T08:51:11Z" }, "geometry": { "type": "Point", "coordinates": [ 116.819565888888889, -34.978951388888888, -52.0 ] } },
{ "type": "Feature", "properties": { "fid": 222, "photo": "C:\\FHMP\\Interactive_map\\photos\\2025\\TGL3b_NW_20250428_124617.jpg", "filename": "TGL3b_NW_20250428_124617", "directory": "C:\\FHMP\\Interactive_map\\photos\\2025", "altitude": -19.0, "direction": null, "rotation": 90, "longitude": "116.818507", "latitude": "-34.97895288888889", "timestamp": "2025-04-28T04:46:18Z" }, "geometry": { "type": "Point", "coordinates": [ 116.818507, -34.978952888888891, -19.0 ] } },
{ "type": "Feature", "properties": { "fid": 223, "photo": "C:\\FHMP\\Interactive_map\\photos\\2025\\TGL3b_SE_20250429_092042.jpg", "filename": "TGL3b_SE_20250429_092042", "directory": "C:\\FHMP\\Interactive_map\\photos\\2025", "altitude": -21.0, "direction": null, "rotation": 90, "longitude": "116.81959499999999", "latitude": "-34.97979", "timestamp": "2025-04-29T01:20:42Z" }, "geometry": { "type": "Point", "coordinates": [ 116.819595, -34.97979, -21.0 ] } },
{ "type": "Feature", "properties": { "fid": 224, "photo": "C:\\FHMP\\Interactive_map\\photos\\2025\\TGL3b_SW_20250428_095634.jpg", "filename": "TGL3b_SW_20250428_095634", "directory": "C:\\FHMP\\Interactive_map\\photos\\2025", "altitude": 6.0, "direction": null, "rotation": 90, "longitude": "116.8185506", "latitude": "-34.97990788888889", "timestamp": "2025-04-28T01:56:34Z" }, "geometry": { "type": "Point", "coordinates": [ 116.8185506, -34.979907888888889, 6.0 ] } },
{ "type": "Feature", "properties": { "fid": 225, "photo": "C:\\FHMP\\Interactive_map\\photos\\2025\\WND1a_NE_20250403_154724.jpg", "filename": "WND1a_NE_20250403_154724", "directory": "C:\\FHMP\\Interactive_map\\photos\\2025", "altitude": 289.0, "direction": null, "rotation": 90, "longitude": "116.309119", "latitude": "-31.3925625", "timestamp": "2025-04-03T07:47:24Z" }, "geometry": { "type": "Point", "coordinates": [ 116.309119, -31.3925625, 289.0 ] } },
{ "type": "Feature", "properties": { "fid": 226, "photo": "C:\\FHMP\\Interactive_map\\photos\\2025\\WND1a_NW_20250403_142745.jpg", "filename": "WND1a_NW_20250403_142745", "directory": "C:\\FHMP\\Interactive_map\\photos\\2025", "altitude": 299.0, "direction": null, "rotation": 90, "longitude": "116.308154", "latitude": "-31.39249288888889", "timestamp": "2025-04-03T06:27:45Z" }, "geometry": { "type": "Point", "coordinates": [ 116.308154, -31.392492888888889, 299.0 ] } },
{ "type": "Feature", "properties": { "fid": 227, "photo": "C:\\FHMP\\Interactive_map\\photos\\2025\\WND1a_SE_20250605_083105.jpg", "filename": "WND1a_SE_20250605_083105", "directory": "C:\\FHMP\\Interactive_map\\photos\\2025", "altitude": 268.0, "direction": null, "rotation": 90, "longitude": "116.30922019444444", "latitude": "-31.393423194444445", "timestamp": "2025-06-05T00:31:05Z" }, "geometry": { "type": "Point", "coordinates": [ 116.309220194444435, -31.393423194444445, 268.0 ] } },
{ "type": "Feature", "properties": { "fid": 228, "photo": "C:\\FHMP\\Interactive_map\\photos\\2025\\WND1a_SW_20250403_170711.jpg", "filename": "WND1a_SW_20250403_170711", "directory": "C:\\FHMP\\Interactive_map\\photos\\2025", "altitude": 281.0, "direction": null, "rotation": 90, "longitude": "116.30813549999999", "latitude": "-31.393468", "timestamp": "2025-04-03T09:07:11Z" }, "geometry": { "type": "Point", "coordinates": [ 116.3081355, -31.393468, 281.0 ] } },
{ "type": "Feature", "properties": { "fid": 229, "photo": "C:\\FHMP\\Interactive_map\\photos\\2025\\WND1b_NE_20250605_095718.jpg", "filename": "WND1b_NE_20250605_095718", "directory": "C:\\FHMP\\Interactive_map\\photos\\2025", "altitude": 274.0, "direction": null, "rotation": 90, "longitude": "116.30361169444444", "latitude": "-31.388791694444443", "timestamp": "2025-06-05T01:57:19Z" }, "geometry": { "type": "Point", "coordinates": [ 116.303611694444442, -31.388791694444443, 274.0 ] } },
{ "type": "Feature", "properties": { "fid": 230, "photo": "C:\\FHMP\\Interactive_map\\photos\\2025\\WND1b_NW_20250605_130916.jpg", "filename": "WND1b_NW_20250605_130916", "directory": "C:\\FHMP\\Interactive_map\\photos\\2025", "altitude": 265.0, "direction": null, "rotation": 90, "longitude": "116.3024642", "latitude": "-31.388754388888888", "timestamp": "2025-06-05T05:09:16Z" }, "geometry": { "type": "Point", "coordinates": [ 116.3024642, -31.388754388888888, 265.0 ] } },
{ "type": "Feature", "properties": { "fid": 231, "photo": "C:\\FHMP\\Interactive_map\\photos\\2025\\WND1b_SE_20250605_105556.jpg", "filename": "WND1b_SE_20250605_105556", "directory": "C:\\FHMP\\Interactive_map\\photos\\2025", "altitude": 269.0, "direction": null, "rotation": 90, "longitude": "116.30361830555556", "latitude": "-31.389762305555553", "timestamp": "2025-06-05T02:55:56Z" }, "geometry": { "type": "Point", "coordinates": [ 116.30361830555556, -31.389762305555553, 269.0 ] } },
{ "type": "Feature", "properties": { "fid": 232, "photo": "C:\\FHMP\\Interactive_map\\photos\\2025\\WND1b_SW_20250605_120715.jpg", "filename": "WND1b_SW_20250605_120715", "directory": "C:\\FHMP\\Interactive_map\\photos\\2025", "altitude": 265.0, "direction": null, "rotation": 90, "longitude": "116.302532", "latitude": "-31.389678194444443", "timestamp": "2025-06-05T04:07:15Z" }, "geometry": { "type": "Point", "coordinates": [ 116.302532, -31.389678194444443, 265.0 ] } },
{ "type": "Feature", "properties": { "fid": 233, "photo": "C:\\FHMP\\Interactive_map\\photos\\2025\\WND2a_NE_20251001_085723.jpg", "filename": "WND2a_NE_20251001_085723", "directory": "C:\\FHMP\\Interactive_map\\photos\\2025", "altitude": 309.0, "direction": null, "rotation": 90, "longitude": "116.58581269999999", "latitude": "-32.18044911111111", "timestamp": "2025-10-01T00:57:23Z" }, "geometry": { "type": "Point", "coordinates": [ 116.5858127, -32.180449111111109, 309.0 ] } },
{ "type": "Feature", "properties": { "fid": 234, "photo": "C:\\FHMP\\Interactive_map\\photos\\2025\\WND2a_NW_20251001_104618.jpg", "filename": "WND2a_NW_20251001_104618", "directory": "C:\\FHMP\\Interactive_map\\photos\\2025", "altitude": 294.0, "direction": null, "rotation": 90, "longitude": "116.5847909", "latitude": "-32.18044688888889", "timestamp": "2025-10-01T02:46:18Z" }, "geometry": { "type": "Point", "coordinates": [ 116.5847909, -32.180446888888888, 294.0 ] } },
{ "type": "Feature", "properties": { "fid": 235, "photo": "C:\\FHMP\\Interactive_map\\photos\\2025\\WND2a_SE_20251001_123955.jpg", "filename": "WND2a_SE_20251001_123955", "directory": "C:\\FHMP\\Interactive_map\\photos\\2025", "altitude": 302.0, "direction": null, "rotation": 90, "longitude": "116.5857644", "latitude": "-32.18130469444444", "timestamp": "2025-10-01T04:39:55Z" }, "geometry": { "type": "Point", "coordinates": [ 116.5857644, -32.181304694444442, 302.0 ] } },
{ "type": "Feature", "properties": { "fid": 236, "photo": "C:\\FHMP\\Interactive_map\\photos\\2025\\WND2a_SW_20251001_142600.jpg", "filename": "WND2a_SW_20251001_142600", "directory": "C:\\FHMP\\Interactive_map\\photos\\2025", "altitude": 301.0, "direction": null, "rotation": 90, "longitude": "116.584825", "latitude": "-32.1813605", "timestamp": "2025-10-01T06:26:01Z" }, "geometry": { "type": "Point", "coordinates": [ 116.584825, -32.1813605, 301.0 ] } },
{ "type": "Feature", "properties": { "fid": 237, "photo": "C:\\FHMP\\Interactive_map\\photos\\2025\\WND2b_NE_20250930_122429.jpg", "filename": "WND2b_NE_20250930_122429", "directory": "C:\\FHMP\\Interactive_map\\photos\\2025", "altitude": 284.0, "direction": null, "rotation": 90, "longitude": "116.5882", "latitude": "-32.1841307", "timestamp": "2025-09-30T04:24:30Z" }, "geometry": { "type": "Point", "coordinates": [ 116.5882, -32.1841307, 284.0 ] } },
{ "type": "Feature", "properties": { "fid": 238, "photo": "C:\\FHMP\\Interactive_map\\photos\\2025\\WND2b_NW_20250930_093514.jpg", "filename": "WND2b_NW_20250930_093514", "directory": "C:\\FHMP\\Interactive_map\\photos\\2025", "altitude": 293.0, "direction": null, "rotation": 90, "longitude": "116.58717411111111", "latitude": "-32.184118899999994", "timestamp": "2025-09-30T01:35:14Z" }, "geometry": { "type": "Point", "coordinates": [ 116.587174111111111, -32.1841189, 293.0 ] } },
{ "type": "Feature", "properties": { "fid": 239, "photo": "C:\\FHMP\\Interactive_map\\photos\\2025\\WND2b_SE_20250930_150224.jpg", "filename": "WND2b_SE_20250930_150224", "directory": "C:\\FHMP\\Interactive_map\\photos\\2025", "altitude": 277.0, "direction": null, "rotation": 90, "longitude": "116.5882361111111", "latitude": "-32.18504239999999", "timestamp": "2025-09-30T07:02:25Z" }, "geometry": { "type": "Point", "coordinates": [ 116.588236111111101, -32.1850424, 277.0 ] } },
{ "type": "Feature", "properties": { "fid": 240, "photo": "C:\\FHMP\\Interactive_map\\photos\\2025\\WND2b_SW_20250930_165201.jpg", "filename": "WND2b_SW_20250930_165201", "directory": "C:\\FHMP\\Interactive_map\\photos\\2025", "altitude": 280.0, "direction": null, "rotation": 90, "longitude": "116.587143", "latitude": "-32.1850695", "timestamp": "2025-09-30T08:52:02Z" }, "geometry": { "type": "Point", "coordinates": [ 116.587143, -32.1850695, 280.0 ] } },
{ "type": "Feature", "properties": { "fid": 241, "photo": "C:\\FHMP\\Interactive_map\\photos\\2025\\WND3a_NE_20250415_093524.jpg", "filename": "WND3a_NE_20250415_093524", "directory": "C:\\FHMP\\Interactive_map\\photos\\2025", "altitude": 301.0, "direction": null, "rotation": 90, "longitude": "116.57668530555556", "latitude": "-33.2184793", "timestamp": "2025-04-15T01:35:24Z" }, "geometry": { "type": "Point", "coordinates": [ 116.576685305555557, -33.2184793, 301.0 ] } },
{ "type": "Feature", "properties": { "fid": 242, "photo": "C:\\FHMP\\Interactive_map\\photos\\2025\\WND3a_NW_20250414_161953.jpg", "filename": "WND3a_NW_20250414_161953", "directory": "C:\\FHMP\\Interactive_map\\photos\\2025", "altitude": null, "direction": null, "rotation": 90, "longitude": "116.57555555555555", "latitude": "-33.218333333333334", "timestamp": null }, "geometry": { "type": "Point", "coordinates": [ 116.575555555555553, -33.218333333333334, 0.0 ] } },
{ "type": "Feature", "properties": { "fid": 243, "photo": "C:\\FHMP\\Interactive_map\\photos\\2025\\WND3a_SE_20250415_081021.jpg", "filename": "WND3a_SE_20250415_081021", "directory": "C:\\FHMP\\Interactive_map\\photos\\2025", "altitude": 296.0, "direction": null, "rotation": 90, "longitude": "116.57654219444444", "latitude": "-33.2194269", "timestamp": "2025-04-15T00:10:21Z" }, "geometry": { "type": "Point", "coordinates": [ 116.576542194444443, -33.2194269, 296.0 ] } },
{ "type": "Feature", "properties": { "fid": 244, "photo": "C:\\FHMP\\Interactive_map\\photos\\2025\\WND3a_SW_20250414_151918.jpg", "filename": "WND3a_SW_20250414_151918", "directory": "C:\\FHMP\\Interactive_map\\photos\\2025", "altitude": null, "direction": null, "rotation": 90, "longitude": "116.57527777777777", "latitude": "-33.219166666666666", "timestamp": null }, "geometry": { "type": "Point", "coordinates": [ 116.575277777777771, -33.219166666666666, 0.0 ] } },
{ "type": "Feature", "properties": { "fid": 245, "photo": "C:\\FHMP\\Interactive_map\\photos\\2025\\WND3b_NE_20250414_092515.jpg", "filename": "WND3b_NE_20250414_092515", "directory": "C:\\FHMP\\Interactive_map\\photos\\2025", "altitude": null, "direction": null, "rotation": 90, "longitude": "116.57638888888889", "latitude": "-33.212500000000006", "timestamp": null }, "geometry": { "type": "Point", "coordinates": [ 116.576388888888886, -33.2125, 0.0 ] } },
{ "type": "Feature", "properties": { "fid": 246, "photo": "C:\\FHMP\\Interactive_map\\photos\\2025\\WND3b_NW_20250414_113357.jpg", "filename": "WND3b_NW_20250414_113357", "directory": "C:\\FHMP\\Interactive_map\\photos\\2025", "altitude": null, "direction": null, "rotation": 90, "longitude": "116.57527777777777", "latitude": "-33.212500000000006", "timestamp": null }, "geometry": { "type": "Point", "coordinates": [ 116.575277777777771, -33.2125, 0.0 ] } },
{ "type": "Feature", "properties": { "fid": 247, "photo": "C:\\FHMP\\Interactive_map\\photos\\2025\\WND3b_SE_20250414_101219.jpg", "filename": "WND3b_SE_20250414_101219", "directory": "C:\\FHMP\\Interactive_map\\photos\\2025", "altitude": null, "direction": null, "rotation": 90, "longitude": "116.57638888888889", "latitude": "-33.21361111111111", "timestamp": null }, "geometry": { "type": "Point", "coordinates": [ 116.576388888888886, -33.213611111111113, 0.0 ] } },
{ "type": "Feature", "properties": { "fid": 248, "photo": "C:\\FHMP\\Interactive_map\\photos\\2025\\WND3b_SW_20250414_131239.jpg", "filename": "WND3b_SW_20250414_131239", "directory": "C:\\FHMP\\Interactive_map\\photos\\2025", "altitude": null, "direction": null, "rotation": 90, "longitude": "116.57527777777777", "latitude": "-33.21361111111111", "timestamp": null }, "geometry": { "type": "Point", "coordinates": [ 116.575277777777771, -33.213611111111113, 0.0 ] } }
]
}
