{
"type": "FeatureCollection",
"name": "sites",
"crs": { "type": "name", "properties": { "name": "urn:ogc:def:crs:OGC:1.3:CRS84" } },
"features": [
{ "type": "Feature", "properties": { "Site_ID": "NULL", "PlotName": "jne6a", "Name": "jne6ane", "Code": "jne", "Latitude": "-31.363603", "Longitude": "116.185939" }, "geometry": { "type": "Point", "coordinates": [ 116.185938784886801, -31.363602555245073 ] } },
{ "type": "Feature", "properties": { "Site_ID": "NULL", "PlotName": "jne6a", "Name": "jne6anw", "Code": "jne", "Latitude": "-31.363615", "Longitude": "116.184870" }, "geometry": { "type": "Point", "coordinates": [ 116.184870207301174, -31.363615366274498 ] } },
{ "type": "Feature", "properties": { "Site_ID": "NULL", "PlotName": "jne6a", "Name": "jne6asw", "Code": "jne", "Latitude": "-31.364508", "Longitude": "116.184857" }, "geometry": { "type": "Point", "coordinates": [ 116.184856570350291, -31.364508378339032 ] } },
{ "type": "Feature", "properties": { "Site_ID": "NULL", "PlotName": "jne6a", "Name": "jne6acen", "Code": "jne", "Latitude": "-31.364068", "Longitude": "116.185386" }, "geometry": { "type": "Point", "coordinates": [ 116.185385799780008, -31.364067536558863 ] } },
{ "type": "Feature", "properties": { "Site_ID": "NULL", "PlotName": "jne6a", "Name": "jne6ase", "Code": "jne", "Latitude": "-31.364516", "Longitude": "116.185911" }, "geometry": { "type": "Point", "coordinates": [ 116.185910919783453, -31.364516472118442 ] } },
{ "type": "Feature", "properties": { "Site_ID": "NULL", "PlotName": "jne6b", "Name": "jne6bsw", "Code": "jne", "Latitude": "-31.368421", "Longitude": "116.182617" }, "geometry": { "type": "Point", "coordinates": [ 116.182616978647729, -31.368420960927544 ] } },
{ "type": "Feature", "properties": { "Site_ID": "NULL", "PlotName": "jne6b", "Name": "jne6bnw", "Code": "jne", "Latitude": "-31.367518", "Longitude": "116.182626" }, "geometry": { "type": "Point", "coordinates": [ 116.182625589473034, -31.367518408355419 ] } },
{ "type": "Feature", "properties": { "Site_ID": "NULL", "PlotName": "jne6b", "Name": "jne6bcen", "Code": "jne", "Latitude": "-31.367975", "Longitude": "116.183149" }, "geometry": { "type": "Point", "coordinates": [ 116.183148954804892, -31.367975121082065 ] } },
{ "type": "Feature", "properties": { "Site_ID": "NULL", "PlotName": "jne6b", "Name": "jne6bne", "Code": "jne", "Latitude": "-31.367533", "Longitude": "116.183681" }, "geometry": { "type": "Point", "coordinates": [ 116.18368121244194, -31.367532628004639 ] } },
{ "type": "Feature", "properties": { "Site_ID": "NULL", "PlotName": "jne6b", "Name": "jne6bse", "Code": "jne", "Latitude": "-31.368427", "Longitude": "116.183670" }, "geometry": { "type": "Point", "coordinates": [ 116.18367048599373, -31.368426857766341 ] } },
{ "type": "Feature", "properties": { "Site_ID": "NULL", "PlotName": "jne6c", "Name": "jne6csw", "Code": "jne", "Latitude": "-31.370911", "Longitude": "116.168072" }, "geometry": { "type": "Point", "coordinates": [ 116.168072187105878, -31.37091085380418 ] } },
{ "type": "Feature", "properties": { "Site_ID": "NULL", "PlotName": "jne6c", "Name": "jne6cse", "Code": "jne", "Latitude": "-31.370919", "Longitude": "116.169123" }, "geometry": { "type": "Point", "coordinates": [ 116.169123073693569, -31.370918684965648 ] } },
{ "type": "Feature", "properties": { "Site_ID": "NULL", "PlotName": "jne6c", "Name": "jne6ccen", "Code": "jne", "Latitude": "-31.370465", "Longitude": "116.168601" }, "geometry": { "type": "Point", "coordinates": [ 116.168601219285804, -31.370464749530136 ] } },
{ "type": "Feature", "properties": { "Site_ID": "NULL", "PlotName": "jne6c", "Name": "jne6cne", "Code": "jne", "Latitude": "-31.370004", "Longitude": "116.169138" }, "geometry": { "type": "Point", "coordinates": [ 116.169138018570777, -31.370004149403393 ] } },
{ "type": "Feature", "properties": { "Site_ID": "NULL", "PlotName": "jne6c", "Name": "jne6cnw", "Code": "jne", "Latitude": "-31.370012", "Longitude": "116.168079" }, "geometry": { "type": "Point", "coordinates": [ 116.168078522285484, -31.370011537333664 ] } },
{ "type": "Feature", "properties": { "Site_ID": "NULL", "PlotName": "wnd1b", "Name": "wnd1bne", "Code": "wnd", "Latitude": "-31.388798", "Longitude": "116.303602" }, "geometry": { "type": "Point", "coordinates": [ 116.303601860669914, -31.388797736309066 ] } },
{ "type": "Feature", "properties": { "Site_ID": "NULL", "PlotName": "wnd1b", "Name": "wnd1bnw", "Code": "wnd", "Latitude": "-31.388793", "Longitude": "116.302549" }, "geometry": { "type": "Point", "coordinates": [ 116.302549244178351, -31.388792818320926 ] } },
{ "type": "Feature", "properties": { "Site_ID": "NULL", "PlotName": "wnd1b", "Name": "wnd1bsw", "Code": "wnd", "Latitude": "-31.389694", "Longitude": "116.302543" }, "geometry": { "type": "Point", "coordinates": [ 116.302542993458587, -31.389694001872034 ] } },
{ "type": "Feature", "properties": { "Site_ID": "NULL", "PlotName": "wnd1b", "Name": "wnd1bcen", "Code": "wnd", "Latitude": "-31.389245", "Longitude": "116.303071" }, "geometry": { "type": "Point", "coordinates": [ 116.303070734996126, -31.389245328705936 ] } },
{ "type": "Feature", "properties": { "Site_ID": "NULL", "PlotName": "wnd1b", "Name": "wnd1bse", "Code": "wnd", "Latitude": "-31.389700", "Longitude": "116.303593" }, "geometry": { "type": "Point", "coordinates": [ 116.303592707343171, -31.389700248572723 ] } },
{ "type": "Feature", "properties": { "Site_ID": "NULL", "PlotName": "wnd1a", "Name": "wnd1anw", "Code": "wnd", "Latitude": "-31.392518", "Longitude": "116.308178" }, "geometry": { "type": "Point", "coordinates": [ 116.308177749562759, -31.392518250608397 ] } },
{ "type": "Feature", "properties": { "Site_ID": "NULL", "PlotName": "wnd1a", "Name": "wnd1asw", "Code": "wnd", "Latitude": "-31.393420", "Longitude": "116.308166" }, "geometry": { "type": "Point", "coordinates": [ 116.308165649559385, -31.393419637430316 ] } },
{ "type": "Feature", "properties": { "Site_ID": "NULL", "PlotName": "wnd1a", "Name": "wnd1ase", "Code": "wnd", "Latitude": "-31.393427", "Longitude": "116.309222" }, "geometry": { "type": "Point", "coordinates": [ 116.309221698616327, -31.393426910177187 ] } },
{ "type": "Feature", "properties": { "Site_ID": "NULL", "PlotName": "wnd1a", "Name": "wnd1acen", "Code": "wnd", "Latitude": "-31.392969", "Longitude": "116.308695" }, "geometry": { "type": "Point", "coordinates": [ 116.308695221342106, -31.392968794842751 ] } },
{ "type": "Feature", "properties": { "Site_ID": "NULL", "PlotName": "wnd1a", "Name": "wnd1ane", "Code": "wnd", "Latitude": "-31.392538", "Longitude": "116.309205" }, "geometry": { "type": "Point", "coordinates": [ 116.309205081068811, -31.392537575719309 ] } },
{ "type": "Feature", "properties": { "Site_ID": "NULL", "PlotName": "wnd2a", "Name": "wnd2ase", "Code": "wnd", "Latitude": "-32.181334", "Longitude": "116.585864" }, "geometry": { "type": "Point", "coordinates": [ 116.585864392824973, -32.181334493084726 ] } },
{ "type": "Feature", "properties": { "Site_ID": "NULL", "PlotName": "wnd2a", "Name": "wnd2asw", "Code": "wnd", "Latitude": "-32.181328", "Longitude": "116.584801" }, "geometry": { "type": "Point", "coordinates": [ 116.584800680249629, -32.181328037953485 ] } },
{ "type": "Feature", "properties": { "Site_ID": "NULL", "PlotName": "wnd2a", "Name": "wnd2anw", "Code": "wnd", "Latitude": "-32.180417", "Longitude": "116.584806" }, "geometry": { "type": "Point", "coordinates": [ 116.584805803339961, -32.180416536211489 ] } },
{ "type": "Feature", "properties": { "Site_ID": "NULL", "PlotName": "wnd2a", "Name": "wnd2acen", "Code": "wnd", "Latitude": "-32.180879", "Longitude": "116.585332" }, "geometry": { "type": "Point", "coordinates": [ 116.585331981731315, -32.180879096081071 ] } },
{ "type": "Feature", "properties": { "Site_ID": "NULL", "PlotName": "wnd2a", "Name": "wnd2ane", "Code": "wnd", "Latitude": "-32.180434", "Longitude": "116.585863" }, "geometry": { "type": "Point", "coordinates": [ 116.585862742261924, -32.180433677536307 ] } },
{ "type": "Feature", "properties": { "Site_ID": "NULL", "PlotName": "wnd2b", "Name": "wnd2bnw", "Code": "wnd", "Latitude": "-32.184129", "Longitude": "116.587152" }, "geometry": { "type": "Point", "coordinates": [ 116.587151846463414, -32.184128648598737 ] } },
{ "type": "Feature", "properties": { "Site_ID": "NULL", "PlotName": "wnd2b", "Name": "wnd2bne", "Code": "wnd", "Latitude": "-32.184127", "Longitude": "116.588211" }, "geometry": { "type": "Point", "coordinates": [ 116.588210800768195, -32.184127201923111 ] } },
{ "type": "Feature", "properties": { "Site_ID": "NULL", "PlotName": "wnd2b", "Name": "wnd2bse", "Code": "wnd", "Latitude": "-32.185028", "Longitude": "116.588207" }, "geometry": { "type": "Point", "coordinates": [ 116.588207083200217, -32.185028441607386 ] } },
{ "type": "Feature", "properties": { "Site_ID": "NULL", "PlotName": "wnd2b", "Name": "wnd2bcen", "Code": "wnd", "Latitude": "-32.184579", "Longitude": "116.587678" }, "geometry": { "type": "Point", "coordinates": [ 116.587677624524105, -32.184579099537224 ] } },
{ "type": "Feature", "properties": { "Site_ID": "NULL", "PlotName": "wnd2b", "Name": "wnd2bsw", "Code": "wnd", "Latitude": "-32.185028", "Longitude": "116.587163" }, "geometry": { "type": "Point", "coordinates": [ 116.587163254157517, -32.185028043064165 ] } },
{ "type": "Feature", "properties": { "Site_ID": "NULL", "PlotName": "jne3a", "Name": "jne3ane", "Code": "jne", "Latitude": "-32.021677", "Longitude": "116.592493" }, "geometry": { "type": "Point", "coordinates": [ 116.592493155823092, -32.021676873609266 ] } },
{ "type": "Feature", "properties": { "Site_ID": "NULL", "PlotName": "jne3a", "Name": "jne3ase", "Code": "jne", "Latitude": "-32.022579", "Longitude": "116.592490" }, "geometry": { "type": "Point", "coordinates": [ 116.592490125754452, -32.022579050090741 ] } },
{ "type": "Feature", "properties": { "Site_ID": "NULL", "PlotName": "jne3a", "Name": "jne3asw", "Code": "jne", "Latitude": "-32.022574", "Longitude": "116.591430" }, "geometry": { "type": "Point", "coordinates": [ 116.591430415745478, -32.022573935654641 ] } },
{ "type": "Feature", "properties": { "Site_ID": "NULL", "PlotName": "jne3a", "Name": "jne3acen", "Code": "jne", "Latitude": "-32.022128", "Longitude": "116.591960" }, "geometry": { "type": "Point", "coordinates": [ 116.591960226985435, -32.022127669711921 ] } },
{ "type": "Feature", "properties": { "Site_ID": "NULL", "PlotName": "jne3a", "Name": "jne3anw", "Code": "jne", "Latitude": "-32.021674", "Longitude": "116.591437" }, "geometry": { "type": "Point", "coordinates": [ 116.591436985115493, -32.021673547922759 ] } },
{ "type": "Feature", "properties": { "Site_ID": "NULL", "PlotName": "jne3c", "Name": "jne3cnw", "Code": "jne", "Latitude": "-32.032168", "Longitude": "116.587544" }, "geometry": { "type": "Point", "coordinates": [ 116.587544329872998, -32.032167615575318 ] } },
{ "type": "Feature", "properties": { "Site_ID": "NULL", "PlotName": "jne3c", "Name": "jne3csw", "Code": "jne", "Latitude": "-32.033069", "Longitude": "116.587541" }, "geometry": { "type": "Point", "coordinates": [ 116.58754051158644, -32.033069083950608 ] } },
{ "type": "Feature", "properties": { "Site_ID": "NULL", "PlotName": "jne3c", "Name": "jne3ccen", "Code": "jne", "Latitude": "-32.032621", "Longitude": "116.588071" }, "geometry": { "type": "Point", "coordinates": [ 116.588071394529166, -32.032621251065919 ] } },
{ "type": "Feature", "properties": { "Site_ID": "NULL", "PlotName": "jne3c", "Name": "jne3cse", "Code": "jne", "Latitude": "-32.033072", "Longitude": "116.588601" }, "geometry": { "type": "Point", "coordinates": [ 116.588600639130817, -32.03307169776307 ] } },
{ "type": "Feature", "properties": { "Site_ID": "NULL", "PlotName": "jne3c", "Name": "jne3cne", "Code": "jne", "Latitude": "-32.032198", "Longitude": "116.588610" }, "geometry": { "type": "Point", "coordinates": [ 116.588609753768168, -32.032198466255679 ] } },
{ "type": "Feature", "properties": { "Site_ID": "NULL", "PlotName": "jne3b", "Name": "jne3bne", "Code": "jne", "Latitude": "-32.036965", "Longitude": "116.576123" }, "geometry": { "type": "Point", "coordinates": [ 116.576122616055287, -32.036964981291781 ] } },
{ "type": "Feature", "properties": { "Site_ID": "NULL", "PlotName": "jne3b", "Name": "jne3bnw", "Code": "jne", "Latitude": "-32.036963", "Longitude": "116.575063" }, "geometry": { "type": "Point", "coordinates": [ 116.575063426899916, -32.036962978778178 ] } },
{ "type": "Feature", "properties": { "Site_ID": "NULL", "PlotName": "jne3b", "Name": "jne3bcen", "Code": "jne", "Latitude": "-32.037415", "Longitude": "116.575591" }, "geometry": { "type": "Point", "coordinates": [ 116.575590705941607, -32.037415421361388 ] } },
{ "type": "Feature", "properties": { "Site_ID": "NULL", "PlotName": "jne3b", "Name": "jne3bse", "Code": "jne", "Latitude": "-32.037869", "Longitude": "116.576119" }, "geometry": { "type": "Point", "coordinates": [ 116.576119055295749, -32.037868857706535 ] } },
{ "type": "Feature", "properties": { "Site_ID": "NULL", "PlotName": "jne3b", "Name": "jne3bsw", "Code": "jne", "Latitude": "-32.037864", "Longitude": "116.575059" }, "geometry": { "type": "Point", "coordinates": [ 116.575059435918305, -32.037863732175971 ] } },
{ "type": "Feature", "properties": { "Site_ID": "NULL", "PlotName": "jnw1b", "Name": "jnw1bsw", "Code": "jnw", "Latitude": "-32.258265", "Longitude": "116.193629" }, "geometry": { "type": "Point", "coordinates": [ 116.193629471944064, -32.258264960122901 ] } },
{ "type": "Feature", "properties": { "Site_ID": "NULL", "PlotName": "jnw1b", "Name": "jnw1bnw", "Code": "jnw", "Latitude": "-32.257357", "Longitude": "116.193673" }, "geometry": { "type": "Point", "coordinates": [ 116.19367301759813, -32.25735738580542 ] } },
{ "type": "Feature", "properties": { "Site_ID": "NULL", "PlotName": "jnw1b", "Name": "jnw1bse", "Code": "jnw", "Latitude": "-32.258312", "Longitude": "116.194723" }, "geometry": { "type": "Point", "coordinates": [ 116.194722971005191, -32.25831224164299 ] } },
{ "type": "Feature", "properties": { "Site_ID": "NULL", "PlotName": "jnw1b", "Name": "jnw1bcen", "Code": "jnw", "Latitude": "-32.257816", "Longitude": "116.194224" }, "geometry": { "type": "Point", "coordinates": [ 116.194224283653142, -32.257816114952412 ] } },
{ "type": "Feature", "properties": { "Site_ID": "NULL", "PlotName": "jnw1b", "Name": "jnw1bne", "Code": "jnw", "Latitude": "-32.257343", "Longitude": "116.194766" }, "geometry": { "type": "Point", "coordinates": [ 116.194766167255111, -32.25734320413887 ] } },
{ "type": "Feature", "properties": { "Site_ID": "NULL", "PlotName": "jnw1c", "Name": "jnw1cnw", "Code": "jnw", "Latitude": "-32.242355", "Longitude": "116.203151" }, "geometry": { "type": "Point", "coordinates": [ 116.203151203969469, -32.242355141409625 ] } },
{ "type": "Feature", "properties": { "Site_ID": "NULL", "PlotName": "jnw1c", "Name": "jnw1csw", "Code": "jnw", "Latitude": "-32.243249", "Longitude": "116.203157" }, "geometry": { "type": "Point", "coordinates": [ 116.203156667028125, -32.243249102605773 ] } },
{ "type": "Feature", "properties": { "Site_ID": "NULL", "PlotName": "jnw1c", "Name": "jnw1ccen", "Code": "jnw", "Latitude": "-32.242806", "Longitude": "116.203701" }, "geometry": { "type": "Point", "coordinates": [ 116.203700984063204, -32.242805539121044 ] } },
{ "type": "Feature", "properties": { "Site_ID": "NULL", "PlotName": "jnw1c", "Name": "jnw1cse", "Code": "jnw", "Latitude": "-32.243237", "Longitude": "116.204200" }, "geometry": { "type": "Point", "coordinates": [ 116.204199768713949, -32.243237363634364 ] } },
{ "type": "Feature", "properties": { "Site_ID": "NULL", "PlotName": "jnw1c", "Name": "jnw1cne", "Code": "jnw", "Latitude": "-32.242358", "Longitude": "116.204262" }, "geometry": { "type": "Point", "coordinates": [ 116.204261908467529, -32.242358225789857 ] } },
{ "type": "Feature", "properties": { "Site_ID": "NULL", "PlotName": "jnw1a", "Name": "jnw1asw", "Code": "jnw", "Latitude": "-32.224963", "Longitude": "116.198552" }, "geometry": { "type": "Point", "coordinates": [ 116.198552080990893, -32.224963446324651 ] } },
{ "type": "Feature", "properties": { "Site_ID": "NULL", "PlotName": "jnw1a", "Name": "jnw1ase", "Code": "jnw", "Latitude": "-32.225048", "Longitude": "116.199602" }, "geometry": { "type": "Point", "coordinates": [ 116.199602433076237, -32.225047521260407 ] } },
{ "type": "Feature", "properties": { "Site_ID": "NULL", "PlotName": "jnw1a", "Name": "jnw1acen", "Code": "jnw", "Latitude": "-32.224507", "Longitude": "116.199020" }, "geometry": { "type": "Point", "coordinates": [ 116.199020034449603, -32.224506868314663 ] } },
{ "type": "Feature", "properties": { "Site_ID": "NULL", "PlotName": "jnw1a", "Name": "jnw1ane", "Code": "jnw", "Latitude": "-32.224079", "Longitude": "116.199570" }, "geometry": { "type": "Point", "coordinates": [ 116.199570261777055, -32.224079325270594 ] } },
{ "type": "Feature", "properties": { "Site_ID": "NULL", "PlotName": "NULL", "Name": "jnw1anw", "Code": "jnw", "Latitude": "-32.224067", "Longitude": "116.198523" }, "geometry": { "type": "Point", "coordinates": [ 116.198522801355949, -32.224067293046083 ] } },
{ "type": "Feature", "properties": { "Site_ID": "NULL", "PlotName": "jne1a", "Name": "jne1ane", "Code": "jne", "Latitude": "-32.222522", "Longitude": "116.368737" }, "geometry": { "type": "Point", "coordinates": [ 116.36873742548174, -32.222522013391533 ] } },
{ "type": "Feature", "properties": { "Site_ID": "NULL", "PlotName": "jne1a", "Name": "jne1anw", "Code": "jne", "Latitude": "-32.222519", "Longitude": "116.367658" }, "geometry": { "type": "Point", "coordinates": [ 116.367658248683284, -32.222518567896849 ] } },
{ "type": "Feature", "properties": { "Site_ID": "NULL", "PlotName": "jne1a", "Name": "jne1acen", "Code": "jne", "Latitude": "-32.222971", "Longitude": "116.368188" }, "geometry": { "type": "Point", "coordinates": [ 116.36818841517352, -32.222971064011972 ] } },
{ "type": "Feature", "properties": { "Site_ID": "NULL", "PlotName": "jne1a", "Name": "jne1asw", "Code": "jne", "Latitude": "-32.223419", "Longitude": "116.367640" }, "geometry": { "type": "Point", "coordinates": [ 116.367640128905109, -32.223418988139919 ] } },
{ "type": "Feature", "properties": { "Site_ID": "NULL", "PlotName": "jne1a", "Name": "jne1ase", "Code": "jne", "Latitude": "-32.223439", "Longitude": "116.368686" }, "geometry": { "type": "Point", "coordinates": [ 116.368686228498646, -32.223439021143299 ] } },
{ "type": "Feature", "properties": { "Site_ID": "NULL", "PlotName": "jne1b", "Name": "jne1bsw", "Code": "jne", "Latitude": "-32.232719", "Longitude": "116.407421" }, "geometry": { "type": "Point", "coordinates": [ 116.407421170790542, -32.232718572936456 ] } },
{ "type": "Feature", "properties": { "Site_ID": "NULL", "PlotName": "jne1b", "Name": "jne1bse", "Code": "jne", "Latitude": "-32.232726", "Longitude": "116.408480" }, "geometry": { "type": "Point", "coordinates": [ 116.408480314738867, -32.23272576286567 ] } },
{ "type": "Feature", "properties": { "Site_ID": "NULL", "PlotName": "jne1b", "Name": "jne1bne", "Code": "jne", "Latitude": "-32.231823", "Longitude": "116.408488" }, "geometry": { "type": "Point", "coordinates": [ 116.408488039113067, -32.231823419056944 ] } },
{ "type": "Feature", "properties": { "Site_ID": "NULL", "PlotName": "jne1b", "Name": "jne1bnw", "Code": "jne", "Latitude": "-32.231819", "Longitude": "116.407416" }, "geometry": { "type": "Point", "coordinates": [ 116.407415909074459, -32.231818721398639 ] } },
{ "type": "Feature", "properties": { "Site_ID": "NULL", "PlotName": "jne1b", "Name": "jne1bcen", "Code": "jne", "Latitude": "-32.232279", "Longitude": "116.407945" }, "geometry": { "type": "Point", "coordinates": [ 116.407945440767151, -32.232278662904662 ] } },
{ "type": "Feature", "properties": { "Site_ID": "NULL", "PlotName": "jne1c", "Name": "jne1cse", "Code": "jne", "Latitude": "-32.278061", "Longitude": "116.423595" }, "geometry": { "type": "Point", "coordinates": [ 116.423594911090348, -32.27806074107562 ] } },
{ "type": "Feature", "properties": { "Site_ID": "NULL", "PlotName": "jne1c", "Name": "jne1cne", "Code": "jne", "Latitude": "-32.277173", "Longitude": "116.423584" }, "geometry": { "type": "Point", "coordinates": [ 116.423584319623387, -32.277173185108779 ] } },
{ "type": "Feature", "properties": { "Site_ID": "NULL", "PlotName": "jne1c", "Name": "jne1cnw", "Code": "jne", "Latitude": "-32.277149", "Longitude": "116.422545" }, "geometry": { "type": "Point", "coordinates": [ 116.422545089530345, -32.277148951688964 ] } },
{ "type": "Feature", "properties": { "Site_ID": "NULL", "PlotName": "jne1c", "Name": "jne1csw", "Code": "jne", "Latitude": "-32.278055", "Longitude": "116.422532" }, "geometry": { "type": "Point", "coordinates": [ 116.422532065958364, -32.278054784938689 ] } },
{ "type": "Feature", "properties": { "Site_ID": "NULL", "PlotName": "jne1c", "Name": "jne1ccen", "Code": "jne", "Latitude": "-32.277609", "Longitude": "116.423065" }, "geometry": { "type": "Point", "coordinates": [ 116.423065388125721, -32.277609192671513 ] } },
{ "type": "Feature", "properties": { "Site_ID": "NULL", "PlotName": "wnd4a", "Name": "wnd4anw", "Code": "wnd", "Latitude": "-32.708309", "Longitude": "116.321430" }, "geometry": { "type": "Point", "coordinates": [ 116.321429751104034, -32.708308569973489 ] } },
{ "type": "Feature", "properties": { "Site_ID": "NULL", "PlotName": "wnd4a", "Name": "wnd4asw", "Code": "wnd", "Latitude": "-32.709210", "Longitude": "116.321424" }, "geometry": { "type": "Point", "coordinates": [ 116.321423950692576, -32.709210104830127 ] } },
{ "type": "Feature", "properties": { "Site_ID": "NULL", "PlotName": "wnd4a", "Name": "wnd4ase", "Code": "wnd", "Latitude": "-32.709217", "Longitude": "116.322492" }, "geometry": { "type": "Point", "coordinates": [ 116.322491677705557, -32.709216527190925 ] } },
{ "type": "Feature", "properties": { "Site_ID": "NULL", "PlotName": "wnd4a", "Name": "wnd4acen", "Code": "wnd", "Latitude": "-32.708762", "Longitude": "116.321961" }, "geometry": { "type": "Point", "coordinates": [ 116.321960929738808, -32.708761937469667 ] } },
{ "type": "Feature", "properties": { "Site_ID": "NULL", "PlotName": "wnd4a", "Name": "wnd4ane", "Code": "wnd", "Latitude": "-32.708329", "Longitude": "116.322485" }, "geometry": { "type": "Point", "coordinates": [ 116.322485312129913, -32.708329458559092 ] } },
{ "type": "Feature", "properties": { "Site_ID": "NULL", "PlotName": "wnd4b", "Name": "wnd4bnw", "Code": "wnd", "Latitude": "-32.714059", "Longitude": "116.326335" }, "geometry": { "type": "Point", "coordinates": [ 116.326334529865036, -32.714059254372955 ] } },
{ "type": "Feature", "properties": { "Site_ID": "NULL", "PlotName": "wnd4b", "Name": "wnd4bsw", "Code": "wnd", "Latitude": "-32.714953", "Longitude": "116.326336" }, "geometry": { "type": "Point", "coordinates": [ 116.326336127415189, -32.714952511835818 ] } },
{ "type": "Feature", "properties": { "Site_ID": "NULL", "PlotName": "wnd4b", "Name": "wnd4bse", "Code": "wnd", "Latitude": "-32.714958", "Longitude": "116.327403" }, "geometry": { "type": "Point", "coordinates": [ 116.32740289432121, -32.714958175120174 ] } },
{ "type": "Feature", "properties": { "Site_ID": "NULL", "PlotName": "wnd4b", "Name": "wnd4bcen", "Code": "wnd", "Latitude": "-32.714494", "Longitude": "116.326849" }, "geometry": { "type": "Point", "coordinates": [ 116.326848588355006, -32.714494098332338 ] } },
{ "type": "Feature", "properties": { "Site_ID": "NULL", "PlotName": "wnd4b", "Name": "wnd4bne", "Code": "wnd", "Latitude": "-32.714028", "Longitude": "116.327409" }, "geometry": { "type": "Point", "coordinates": [ 116.327409317586955, -32.714028382359032 ] } },
{ "type": "Feature", "properties": { "Site_ID": "NULL", "PlotName": "jnw4c", "Name": "jnw4csw", "Code": "jnw", "Latitude": "-33.150380", "Longitude": "116.203449" }, "geometry": { "type": "Point", "coordinates": [ 116.203448832702421, -33.150379604428849 ] } },
{ "type": "Feature", "properties": { "Site_ID": "NULL", "PlotName": "jnw4c", "Name": "jnw4cnw", "Code": "jnw", "Latitude": "-33.149497", "Longitude": "116.203469" }, "geometry": { "type": "Point", "coordinates": [ 116.203469313757978, -33.149496822499877 ] } },
{ "type": "Feature", "properties": { "Site_ID": "NULL", "PlotName": "jnw4c", "Name": "jnw4cne", "Code": "jnw", "Latitude": "-33.149495", "Longitude": "116.204498" }, "geometry": { "type": "Point", "coordinates": [ 116.204497539011086, -33.149494500475278 ] } },
{ "type": "Feature", "properties": { "Site_ID": "NULL", "PlotName": "jnw4c", "Name": "jnw4ccen", "Code": "jnw", "Latitude": "-33.149961", "Longitude": "116.203967" }, "geometry": { "type": "Point", "coordinates": [ 116.203966960932092, -33.149960546489019 ] } },
{ "type": "Feature", "properties": { "Site_ID": "NULL", "PlotName": "jnw4c", "Name": "jnw4cse", "Code": "jnw", "Latitude": "-33.150417", "Longitude": "116.204471" }, "geometry": { "type": "Point", "coordinates": [ 116.204470846231246, -33.150416803865355 ] } },
{ "type": "Feature", "properties": { "Site_ID": "NULL", "PlotName": "jnw4a", "Name": "jnw4ase", "Code": "jnw", "Latitude": "-33.134363", "Longitude": "116.227329" }, "geometry": { "type": "Point", "coordinates": [ 116.227329137956474, -33.134362628671575 ] } },
{ "type": "Feature", "properties": { "Site_ID": "NULL", "PlotName": "jnw4a", "Name": "jnw4asw", "Code": "jnw", "Latitude": "-33.134318", "Longitude": "116.226241" }, "geometry": { "type": "Point", "coordinates": [ 116.226240623462033, -33.134318440327995 ] } },
{ "type": "Feature", "properties": { "Site_ID": "NULL", "PlotName": "jnw4a", "Name": "jnw4anw", "Code": "jnw", "Latitude": "-33.133484", "Longitude": "116.226253" }, "geometry": { "type": "Point", "coordinates": [ 116.226253453058277, -33.133484246967484 ] } },
{ "type": "Feature", "properties": { "Site_ID": "NULL", "PlotName": "jnw4a", "Name": "jnw4acen", "Code": "jnw", "Latitude": "-33.133893", "Longitude": "116.226808" }, "geometry": { "type": "Point", "coordinates": [ 116.226807732862383, -33.133893491356844 ] } },
{ "type": "Feature", "properties": { "Site_ID": "NULL", "PlotName": "jnw4a", "Name": "jnw4ane", "Code": "jnw", "Latitude": "-33.133431", "Longitude": "116.227362" }, "geometry": { "type": "Point", "coordinates": [ 116.227361520689541, -33.133430736088989 ] } },
{ "type": "Feature", "properties": { "Site_ID": "NULL", "PlotName": "jnw4b", "Name": "jnw4bnw", "Code": "jnw", "Latitude": "-33.137704", "Longitude": "116.225593" }, "geometry": { "type": "Point", "coordinates": [ 116.225593365463411, -33.137704365712636 ] } },
{ "type": "Feature", "properties": { "Site_ID": "NULL", "PlotName": "jnw4b", "Name": "jnw4bne", "Code": "jnw", "Latitude": "-33.137705", "Longitude": "116.226646" }, "geometry": { "type": "Point", "coordinates": [ 116.226645625013589, -33.137705156971776 ] } },
{ "type": "Feature", "properties": { "Site_ID": "NULL", "PlotName": "jnw4b", "Name": "jnw4bse", "Code": "jnw", "Latitude": "-33.138620", "Longitude": "116.226680" }, "geometry": { "type": "Point", "coordinates": [ 116.22667953497313, -33.13861962798272 ] } },
{ "type": "Feature", "properties": { "Site_ID": "NULL", "PlotName": "jnw4b", "Name": "jnw4bsw", "Code": "jnw", "Latitude": "-33.138626", "Longitude": "116.225556" }, "geometry": { "type": "Point", "coordinates": [ 116.225556279036027, -33.138626188708471 ] } },
{ "type": "Feature", "properties": { "Site_ID": "NULL", "PlotName": "jnw4b", "Name": "jnw4bcen", "Code": "jnw", "Latitude": "-33.138188", "Longitude": "116.226128" }, "geometry": { "type": "Point", "coordinates": [ 116.226127799879777, -33.13818836341126 ] } },
{ "type": "Feature", "properties": { "Site_ID": "NULL", "PlotName": "wnd3a", "Name": "wnd3ane", "Code": "wnd", "Latitude": "-33.218518", "Longitude": "116.576535" }, "geometry": { "type": "Point", "coordinates": [ 116.576535010883262, -33.218518157747049 ] } },
{ "type": "Feature", "properties": { "Site_ID": "NULL", "PlotName": "wnd3a", "Name": "wnd3ase", "Code": "wnd", "Latitude": "-33.219423", "Longitude": "116.576542" }, "geometry": { "type": "Point", "coordinates": [ 116.576541544845242, -33.219422882135213 ] } },
{ "type": "Feature", "properties": { "Site_ID": "NULL", "PlotName": "wnd3a", "Name": "wnd3acen", "Code": "wnd", "Latitude": "-33.218968", "Longitude": "116.576004" }, "geometry": { "type": "Point", "coordinates": [ 116.576003673560621, -33.218967914628841 ] } },
{ "type": "Feature", "properties": { "Site_ID": "NULL", "PlotName": "wnd3a", "Name": "wnd3asw", "Code": "wnd", "Latitude": "-33.219418", "Longitude": "116.575469" }, "geometry": { "type": "Point", "coordinates": [ 116.575469412445145, -33.219417550968892 ] } },
{ "type": "Feature", "properties": { "Site_ID": "NULL", "PlotName": "wnd3a", "Name": "wnd3anw", "Code": "wnd", "Latitude": "-33.218475", "Longitude": "116.575597" }, "geometry": { "type": "Point", "coordinates": [ 116.575597146046078, -33.218475445877985 ] } },
{ "type": "Feature", "properties": { "Site_ID": "NULL", "PlotName": "wnd3b", "Name": "wnd3bne", "Code": "wnd", "Latitude": "-33.212772", "Longitude": "116.576456" }, "geometry": { "type": "Point", "coordinates": [ 116.576455938923658, -33.212772242183824 ] } },
{ "type": "Feature", "properties": { "Site_ID": "NULL", "PlotName": "wnd3b", "Name": "wnd3bnw", "Code": "wnd", "Latitude": "-33.212765", "Longitude": "116.575371" }, "geometry": { "type": "Point", "coordinates": [ 116.575371394698379, -33.212765226657382 ] } },
{ "type": "Feature", "properties": { "Site_ID": "NULL", "PlotName": "wnd3b", "Name": "wnd3bcen", "Code": "wnd", "Latitude": "-33.213212", "Longitude": "116.575911" }, "geometry": { "type": "Point", "coordinates": [ 116.575911226262136, -33.213212428627102 ] } },
{ "type": "Feature", "properties": { "Site_ID": "NULL", "PlotName": "wnd3b", "Name": "wnd3bse", "Code": "wnd", "Latitude": "-33.213659", "Longitude": "116.576439" }, "geometry": { "type": "Point", "coordinates": [ 116.576439390003145, -33.213659290873743 ] } },
{ "type": "Feature", "properties": { "Site_ID": "NULL", "PlotName": "wnd3b", "Name": "wnd3bsw", "Code": "wnd", "Latitude": "-33.213666", "Longitude": "116.575368" }, "geometry": { "type": "Point", "coordinates": [ 116.57536820543308, -33.213665562058281 ] } },
{ "type": "Feature", "properties": { "Site_ID": "NULL", "PlotName": "jnw3c", "Name": "jnw3cne", "Code": "jnw", "Latitude": "-32.995694", "Longitude": "116.243234" }, "geometry": { "type": "Point", "coordinates": [ 116.243234213107456, -32.995693593945326 ] } },
{ "type": "Feature", "properties": { "Site_ID": "NULL", "PlotName": "jnw3c", "Name": "jnw3ccen", "Code": "jnw", "Latitude": "-32.996132", "Longitude": "116.242652" }, "geometry": { "type": "Point", "coordinates": [ 116.242652224381942, -32.996131578734165 ] } },
{ "type": "Feature", "properties": { "Site_ID": "NULL", "PlotName": "jnw3c", "Name": "jnw3cnw", "Code": "jnw", "Latitude": "-32.995679", "Longitude": "116.242132" }, "geometry": { "type": "Point", "coordinates": [ 116.242131766457874, -32.99567940176194 ] } },
{ "type": "Feature", "properties": { "Site_ID": "NULL", "PlotName": "jnw3c", "Name": "jnw3csw", "Code": "jnw", "Latitude": "-32.996579", "Longitude": "116.242125" }, "geometry": { "type": "Point", "coordinates": [ 116.242124746812891, -32.996579425861334 ] } },
{ "type": "Feature", "properties": { "Site_ID": "NULL", "PlotName": "jnw3c", "Name": "jnw3cse", "Code": "jnw", "Latitude": "-32.996560", "Longitude": "116.243176" }, "geometry": { "type": "Point", "coordinates": [ 116.24317577390056, -32.996559517347677 ] } },
{ "type": "Feature", "properties": { "Site_ID": "NULL", "PlotName": "jnw3b", "Name": "jnw3bnw", "Code": "jnw", "Latitude": "-33.010130", "Longitude": "116.209013" }, "geometry": { "type": "Point", "coordinates": [ 116.209013189035971, -33.010129740357137 ] } },
{ "type": "Feature", "properties": { "Site_ID": "NULL", "PlotName": "jnw3b", "Name": "jnw3bcen", "Code": "jnw", "Latitude": "-33.010557", "Longitude": "116.209529" }, "geometry": { "type": "Point", "coordinates": [ 116.209528651793704, -33.010557235062393 ] } },
{ "type": "Feature", "properties": { "Site_ID": "NULL", "PlotName": "jnw3b", "Name": "jnw3bne", "Code": "jnw", "Latitude": "-33.010147", "Longitude": "116.210056" }, "geometry": { "type": "Point", "coordinates": [ 116.210056265687925, -33.010147107042535 ] } },
{ "type": "Feature", "properties": { "Site_ID": "NULL", "PlotName": "jnw3b", "Name": "jnw3bse", "Code": "jnw", "Latitude": "-33.011071", "Longitude": "116.210080" }, "geometry": { "type": "Point", "coordinates": [ 116.210080199297096, -33.011071024975003 ] } },
{ "type": "Feature", "properties": { "Site_ID": "NULL", "PlotName": "jnw3b", "Name": "jnw3bsw", "Code": "jnw", "Latitude": "-33.011072", "Longitude": "116.208964" }, "geometry": { "type": "Point", "coordinates": [ 116.208963986682093, -33.011072191048278 ] } },
{ "type": "Feature", "properties": { "Site_ID": "NULL", "PlotName": "jnw3a", "Name": "jnw3anw", "Code": "jnw", "Latitude": "-33.016997", "Longitude": "116.210509" }, "geometry": { "type": "Point", "coordinates": [ 116.210508792799942, -33.016997482140169 ] } },
{ "type": "Feature", "properties": { "Site_ID": "NULL", "PlotName": "jnw3a", "Name": "jnw3ane", "Code": "jnw", "Latitude": "-33.017035", "Longitude": "116.211575" }, "geometry": { "type": "Point", "coordinates": [ 116.211574962091262, -33.017034944168074 ] } },
{ "type": "Feature", "properties": { "Site_ID": "NULL", "PlotName": "jnw3a", "Name": "jnw3ase", "Code": "jnw", "Latitude": "-33.017930", "Longitude": "116.211554" }, "geometry": { "type": "Point", "coordinates": [ 116.211553506597639, -33.017929845511873 ] } },
{ "type": "Feature", "properties": { "Site_ID": "NULL", "PlotName": "jnw3a", "Name": "jnw3acen", "Code": "jnw", "Latitude": "-33.017476", "Longitude": "116.211049" }, "geometry": { "type": "Point", "coordinates": [ 116.211049424144832, -33.017476155881241 ] } },
{ "type": "Feature", "properties": { "Site_ID": "NULL", "PlotName": "jnw3a", "Name": "jnw3asw", "Code": "jnw", "Latitude": "-33.017905", "Longitude": "116.210490" }, "geometry": { "type": "Point", "coordinates": [ 116.210490008908309, -33.01790495595543 ] } },
{ "type": "Feature", "properties": { "Site_ID": "NULL", "PlotName": "jne2a", "Name": "jne2ase", "Code": "jne", "Latitude": "-33.272183", "Longitude": "116.488420" }, "geometry": { "type": "Point", "coordinates": [ 116.488419841025433, -33.272182676953278 ] } },
{ "type": "Feature", "properties": { "Site_ID": "NULL", "PlotName": "jne2a", "Name": "jne2ane", "Code": "jne", "Latitude": "-33.271284", "Longitude": "116.488417" }, "geometry": { "type": "Point", "coordinates": [ 116.488417135443697, -33.271284055242958 ] } },
{ "type": "Feature", "properties": { "Site_ID": "NULL", "PlotName": "jne2a", "Name": "jne2anw", "Code": "jne", "Latitude": "-33.271281", "Longitude": "116.487347" }, "geometry": { "type": "Point", "coordinates": [ 116.487347311264173, -33.271280658694323 ] } },
{ "type": "Feature", "properties": { "Site_ID": "NULL", "PlotName": "jne2a", "Name": "jne2acen", "Code": "jne", "Latitude": "-33.271717", "Longitude": "116.487873" }, "geometry": { "type": "Point", "coordinates": [ 116.487873400231891, -33.271716816488073 ] } },
{ "type": "Feature", "properties": { "Site_ID": "NULL", "PlotName": "jne2a", "Name": "jne2asw", "Code": "jne", "Latitude": "-33.272179", "Longitude": "116.487343" }, "geometry": { "type": "Point", "coordinates": [ 116.487343007947018, -33.272178755375784 ] } },
{ "type": "Feature", "properties": { "Site_ID": "NULL", "PlotName": "jne2b", "Name": "jne2bse", "Code": "jne", "Latitude": "-33.308827", "Longitude": "116.470586" }, "geometry": { "type": "Point", "coordinates": [ 116.470586402074233, -33.30882700090941 ] } },
{ "type": "Feature", "properties": { "Site_ID": "NULL", "PlotName": "jne2b", "Name": "jne2bne", "Code": "jne", "Latitude": "-33.307910", "Longitude": "116.470594" }, "geometry": { "type": "Point", "coordinates": [ 116.470594255121696, -33.307909686973673 ] } },
{ "type": "Feature", "properties": { "Site_ID": "NULL", "PlotName": "jne2b", "Name": "jne2bnw", "Code": "jne", "Latitude": "-33.307931", "Longitude": "116.469484" }, "geometry": { "type": "Point", "coordinates": [ 116.469484455568505, -33.307931002768171 ] } },
{ "type": "Feature", "properties": { "Site_ID": "NULL", "PlotName": "jne2b", "Name": "jne2bcen", "Code": "jne", "Latitude": "-33.308375", "Longitude": "116.470052" }, "geometry": { "type": "Point", "coordinates": [ 116.470052111224035, -33.308375015311817 ] } },
{ "type": "Feature", "properties": { "Site_ID": "NULL", "PlotName": "jne2b", "Name": "jne2bsw", "Code": "jne", "Latitude": "-33.308813", "Longitude": "116.469504" }, "geometry": { "type": "Point", "coordinates": [ 116.469504101050177, -33.308812950172495 ] } },
{ "type": "Feature", "properties": { "Site_ID": "NULL", "PlotName": "jne2c", "Name": "jne2csw", "Code": "jne", "Latitude": "-33.300813", "Longitude": "116.447037" }, "geometry": { "type": "Point", "coordinates": [ 116.447036908867005, -33.300813365166654 ] } },
{ "type": "Feature", "properties": { "Site_ID": "NULL", "PlotName": "jne2c", "Name": "jne2cse", "Code": "jne", "Latitude": "-33.300820", "Longitude": "116.448110" }, "geometry": { "type": "Point", "coordinates": [ 116.448110214615724, -33.300820201928225 ] } },
{ "type": "Feature", "properties": { "Site_ID": "NULL", "PlotName": "jne2c", "Name": "jne2cne", "Code": "jne", "Latitude": "-33.299919", "Longitude": "116.448114" }, "geometry": { "type": "Point", "coordinates": [ 116.448113848644311, -33.299919124494274 ] } },
{ "type": "Feature", "properties": { "Site_ID": "NULL", "PlotName": "jne2c", "Name": "jne2ccen", "Code": "jne", "Latitude": "-33.300360", "Longitude": "116.447565" }, "geometry": { "type": "Point", "coordinates": [ 116.447564774690065, -33.300360268388552 ] } },
{ "type": "Feature", "properties": { "Site_ID": "NULL", "PlotName": "jne2c", "Name": "jne2cnw", "Code": "jne", "Latitude": "-33.299910", "Longitude": "116.447033" }, "geometry": { "type": "Point", "coordinates": [ 116.447032565402296, -33.299910132684268 ] } },
{ "type": "Feature", "properties": { "Site_ID": "NULL", "PlotName": "jnw5a", "Name": "jnw5asw", "Code": "jnw", "Latitude": "-33.348315", "Longitude": "115.966951" }, "geometry": { "type": "Point", "coordinates": [ 115.966950749659318, -33.348314830135671 ] } },
{ "type": "Feature", "properties": { "Site_ID": "NULL", "PlotName": "jnw5a", "Name": "jnw5ase", "Code": "jnw", "Latitude": "-33.348331", "Longitude": "115.968006" }, "geometry": { "type": "Point", "coordinates": [ 115.968005722795382, -33.348330772820148 ] } },
{ "type": "Feature", "properties": { "Site_ID": "NULL", "PlotName": "jnw5a", "Name": "jnw5ane", "Code": "jnw", "Latitude": "-33.347407", "Longitude": "115.968051" }, "geometry": { "type": "Point", "coordinates": [ 115.968050789123765, -33.347406661104827 ] } },
{ "type": "Feature", "properties": { "Site_ID": "NULL", "PlotName": "jnw5a", "Name": "jnw5acen", "Code": "jnw", "Latitude": "-33.347876", "Longitude": "115.967493" }, "geometry": { "type": "Point", "coordinates": [ 115.967493080043255, -33.347875573795967 ] } },
{ "type": "Feature", "properties": { "Site_ID": "NULL", "PlotName": "jnw5a", "Name": "jnw5anw", "Code": "jnw", "Latitude": "-33.347397", "Longitude": "115.966989" }, "geometry": { "type": "Point", "coordinates": [ 115.966988817521511, -33.347397334977039 ] } },
{ "type": "Feature", "properties": { "Site_ID": "NULL", "PlotName": "jnw5c", "Name": "jnw5cne", "Code": "jnw", "Latitude": "-33.356396", "Longitude": "115.963391" }, "geometry": { "type": "Point", "coordinates": [ 115.96339149672329, -33.356396250235832 ] } },
{ "type": "Feature", "properties": { "Site_ID": "NULL", "PlotName": "jnw5c", "Name": "jnw5ccen", "Code": "jnw", "Latitude": "-33.356859", "Longitude": "115.962851" }, "geometry": { "type": "Point", "coordinates": [ 115.962850600345021, -33.356858750924268 ] } },
{ "type": "Feature", "properties": { "Site_ID": "NULL", "PlotName": "jnw5c", "Name": "jnw5cnw", "Code": "jnw", "Latitude": "-33.356369", "Longitude": "115.962325" }, "geometry": { "type": "Point", "coordinates": [ 115.962324854823748, -33.356369256449945 ] } },
{ "type": "Feature", "properties": { "Site_ID": "NULL", "PlotName": "jnw5c", "Name": "jnw5csw", "Code": "jnw", "Latitude": "-33.357326", "Longitude": "115.962318" }, "geometry": { "type": "Point", "coordinates": [ 115.962317814916219, -33.357325592084138 ] } },
{ "type": "Feature", "properties": { "Site_ID": "NULL", "PlotName": "jnw5c", "Name": "jnw5cse", "Code": "jnw", "Latitude": "-33.357298", "Longitude": "115.963400" }, "geometry": { "type": "Point", "coordinates": [ 115.963400372349014, -33.357297511977144 ] } },
{ "type": "Feature", "properties": { "Site_ID": "NULL", "PlotName": "jnw6c", "Name": "jnw6cse", "Code": "jnw", "Latitude": "-33.627638", "Longitude": "116.076614" }, "geometry": { "type": "Point", "coordinates": [ 116.076613926587939, -33.627638432638847 ] } },
{ "type": "Feature", "properties": { "Site_ID": "NULL", "PlotName": "jnw6c", "Name": "jnw6cne", "Code": "jnw", "Latitude": "-33.626737", "Longitude": "116.076627" }, "geometry": { "type": "Point", "coordinates": [ 116.076627344933527, -33.626737497677205 ] } },
{ "type": "Feature", "properties": { "Site_ID": "NULL", "PlotName": "jnw6c", "Name": "jnw6cnw", "Code": "jnw", "Latitude": "-33.626726", "Longitude": "116.075544" }, "geometry": { "type": "Point", "coordinates": [ 116.075544431836875, -33.626726449008935 ] } },
{ "type": "Feature", "properties": { "Site_ID": "NULL", "PlotName": "jnw6c", "Name": "jnw6ccen", "Code": "jnw", "Latitude": "-33.627190", "Longitude": "116.076088" }, "geometry": { "type": "Point", "coordinates": [ 116.076088230517556, -33.627190211826729 ] } },
{ "type": "Feature", "properties": { "Site_ID": "NULL", "PlotName": "jnw6c", "Name": "jnw6csw", "Code": "jnw", "Latitude": "-33.627628", "Longitude": "116.075531" }, "geometry": { "type": "Point", "coordinates": [ 116.075531281445521, -33.6276284950887 ] } },
{ "type": "Feature", "properties": { "Site_ID": "NULL", "PlotName": "jnw6a", "Name": "jnw6anw", "Code": "jnw", "Latitude": "-33.594444", "Longitude": "116.045395" }, "geometry": { "type": "Point", "coordinates": [ 116.045395039543479, -33.594444096745057 ] } },
{ "type": "Feature", "properties": { "Site_ID": "NULL", "PlotName": "jnw6a", "Name": "jnw6acen", "Code": "jnw", "Latitude": "-33.594936", "Longitude": "116.046000" }, "geometry": { "type": "Point", "coordinates": [ 116.046000347807365, -33.594936270936479 ] } },
{ "type": "Feature", "properties": { "Site_ID": "NULL", "PlotName": "jnw6a", "Name": "jnw6asw", "Code": "jnw", "Latitude": "-33.595351", "Longitude": "116.045473" }, "geometry": { "type": "Point", "coordinates": [ 116.045473020517733, -33.595351182483974 ] } },
{ "type": "Feature", "properties": { "Site_ID": "NULL", "PlotName": "jnw6a", "Name": "jnw6ase", "Code": "jnw", "Latitude": "-33.595388", "Longitude": "116.046550" }, "geometry": { "type": "Point", "coordinates": [ 116.046549817445708, -33.595388102711027 ] } },
{ "type": "Feature", "properties": { "Site_ID": "NULL", "PlotName": "jnw6a", "Name": "jnw6ane", "Code": "jnw", "Latitude": "-33.594497", "Longitude": "116.046534" }, "geometry": { "type": "Point", "coordinates": [ 116.046534491989647, -33.594496868828138 ] } },
{ "type": "Feature", "properties": { "Site_ID": "NULL", "PlotName": "jnw6b", "Name": "jnw6bcen", "Code": "jnw", "Latitude": "-33.607181", "Longitude": "116.056519" }, "geometry": { "type": "Point", "coordinates": [ 116.056518800054917, -33.607180899292004 ] } },
{ "type": "Feature", "properties": { "Site_ID": "NULL", "PlotName": "jnw6b", "Name": "jnw6bse", "Code": "jnw", "Latitude": "-33.607634", "Longitude": "116.057061" }, "geometry": { "type": "Point", "coordinates": [ 116.057060951644459, -33.607633864581693 ] } },
{ "type": "Feature", "properties": { "Site_ID": "NULL", "PlotName": "jnw6b", "Name": "jnw6bne", "Code": "jnw", "Latitude": "-33.606728", "Longitude": "116.057069" }, "geometry": { "type": "Point", "coordinates": [ 116.057068996074506, -33.606727667849277 ] } },
{ "type": "Feature", "properties": { "Site_ID": "NULL", "PlotName": "jnw6b", "Name": "jnw6bnw", "Code": "jnw", "Latitude": "-33.606726", "Longitude": "116.055987" }, "geometry": { "type": "Point", "coordinates": [ 116.055986968991775, -33.606725981128967 ] } },
{ "type": "Feature", "properties": { "Site_ID": "NULL", "PlotName": "jnw6b", "Name": "jnw6bsw", "Code": "jnw", "Latitude": "-33.607628", "Longitude": "116.055986" }, "geometry": { "type": "Point", "coordinates": [ 116.055985567442875, -33.607627881209943 ] } },
{ "type": "Feature", "properties": { "Site_ID": "NULL", "PlotName": "jnw5b", "Name": "jnw5bsw", "Code": "jnw", "Latitude": "-33.352713", "Longitude": "115.967427" }, "geometry": { "type": "Point", "coordinates": [ 115.967426984737301, -33.352712960163977 ] } },
{ "type": "Feature", "properties": { "Site_ID": "NULL", "PlotName": "jnw5b", "Name": "jnw5bcen", "Code": "jnw", "Latitude": "-33.352272", "Longitude": "115.967976" }, "geometry": { "type": "Point", "coordinates": [ 115.967975732089258, -33.352272141202292 ] } },
{ "type": "Feature", "properties": { "Site_ID": "NULL", "PlotName": "jnw5b", "Name": "jnw5bse", "Code": "jnw", "Latitude": "-33.352725", "Longitude": "115.968506" }, "geometry": { "type": "Point", "coordinates": [ 115.968506320465721, -33.352725304648708 ] } },
{ "type": "Feature", "properties": { "Site_ID": "NULL", "PlotName": "jnw5b", "Name": "jnw5bne", "Code": "jnw", "Latitude": "-33.351757", "Longitude": "115.968489" }, "geometry": { "type": "Point", "coordinates": [ 115.968488628053237, -33.35175700061982 ] } },
{ "type": "Feature", "properties": { "Site_ID": "NULL", "PlotName": "jnw5b", "Name": "jnw5bnw", "Code": "jnw", "Latitude": "-33.351813", "Longitude": "115.967433" }, "geometry": { "type": "Point", "coordinates": [ 115.967433023495815, -33.351812867881399 ] } },
{ "type": "Feature", "properties": { "Site_ID": "NULL", "PlotName": "jbw1b", "Name": "jbw1bsw", "Code": "jbw", "Latitude": "-33.603267", "Longitude": "115.722412" }, "geometry": { "type": "Point", "coordinates": [ 115.722411648812638, -33.603266607361064 ] } },
{ "type": "Feature", "properties": { "Site_ID": "NULL", "PlotName": "jbw1b", "Name": "jbw1bse", "Code": "jbw", "Latitude": "-33.603276", "Longitude": "115.723489" }, "geometry": { "type": "Point", "coordinates": [ 115.723488760844788, -33.603275607904806 ] } },
{ "type": "Feature", "properties": { "Site_ID": "NULL", "PlotName": "jbw1b", "Name": "jbw1bne", "Code": "jbw", "Latitude": "-33.602374", "Longitude": "115.723503" }, "geometry": { "type": "Point", "coordinates": [ 115.723503007825727, -33.602373973324411 ] } },
{ "type": "Feature", "properties": { "Site_ID": "NULL", "PlotName": "jbw1b", "Name": "jbw1bcen", "Code": "jbw", "Latitude": "-33.602820", "Longitude": "115.722960" }, "geometry": { "type": "Point", "coordinates": [ 115.722959519195982, -33.602820278142701 ] } },
{ "type": "Feature", "properties": { "Site_ID": "NULL", "PlotName": "jbw1b", "Name": "jbw1bnw", "Code": "jbw", "Latitude": "-33.602376", "Longitude": "115.722434" }, "geometry": { "type": "Point", "coordinates": [ 115.722433693149028, -33.602375614393424 ] } },
{ "type": "Feature", "properties": { "Site_ID": "NULL", "PlotName": "jbw1a", "Name": "jbw1ane", "Code": "jbw", "Latitude": "-33.583996", "Longitude": "115.720716" }, "geometry": { "type": "Point", "coordinates": [ 115.720715571916998, -33.583996300286969 ] } },
{ "type": "Feature", "properties": { "Site_ID": "NULL", "PlotName": "jbw1a", "Name": "jbw1ase", "Code": "jbw", "Latitude": "-33.584890", "Longitude": "115.720706" }, "geometry": { "type": "Point", "coordinates": [ 115.720706009208968, -33.584890247183957 ] } },
{ "type": "Feature", "properties": { "Site_ID": "NULL", "PlotName": "jbw1a", "Name": "jbw1acen", "Code": "jbw", "Latitude": "-33.584447", "Longitude": "115.720157" }, "geometry": { "type": "Point", "coordinates": [ 115.720156710257967, -33.584447252393019 ] } },
{ "type": "Feature", "properties": { "Site_ID": "NULL", "PlotName": "jbw1a", "Name": "jbw1anw", "Code": "jbw", "Latitude": "-33.583971", "Longitude": "115.719654" }, "geometry": { "type": "Point", "coordinates": [ 115.719654394862971, -33.583970867337214 ] } },
{ "type": "Feature", "properties": { "Site_ID": "NULL", "PlotName": "jbw1a", "Name": "jbw1asw", "Code": "jbw", "Latitude": "-33.584863", "Longitude": "115.719617" }, "geometry": { "type": "Point", "coordinates": [ 115.719616638230008, -33.584862980074497 ] } },
{ "type": "Feature", "properties": { "Site_ID": "NULL", "PlotName": "jbw1c", "Name": "jbw1cne", "Code": "jbw", "Latitude": "-33.589074", "Longitude": "115.716724" }, "geometry": { "type": "Point", "coordinates": [ 115.716724002368338, -33.589074055928322 ] } },
{ "type": "Feature", "properties": { "Site_ID": "NULL", "PlotName": "jbw1c", "Name": "jbw1cnw", "Code": "jbw", "Latitude": "-33.589062", "Longitude": "115.715645" }, "geometry": { "type": "Point", "coordinates": [ 115.715644718147999, -33.589062243580322 ] } },
{ "type": "Feature", "properties": { "Site_ID": "NULL", "PlotName": "jbw1c", "Name": "jbw1ccen", "Code": "jbw", "Latitude": "-33.589514", "Longitude": "115.716180" }, "geometry": { "type": "Point", "coordinates": [ 115.716180211310117, -33.589514422158146 ] } },
{ "type": "Feature", "properties": { "Site_ID": "NULL", "PlotName": "jbw1c", "Name": "jbw1cse", "Code": "jbw", "Latitude": "-33.589976", "Longitude": "115.716710" }, "geometry": { "type": "Point", "coordinates": [ 115.716710423381443, -33.589976491238517 ] } },
{ "type": "Feature", "properties": { "Site_ID": "NULL", "PlotName": "jbw1c", "Name": "jbw1csw", "Code": "jbw", "Latitude": "-33.589978", "Longitude": "115.715670" }, "geometry": { "type": "Point", "coordinates": [ 115.715670282403266, -33.589978152966502 ] } },
{ "type": "Feature", "properties": { "Site_ID": "NULL", "PlotName": "jnw2c", "Name": "jnw2csw", "Code": "jnw", "Latitude": "-32.623017", "Longitude": "116.240599" }, "geometry": { "type": "Point", "coordinates": [ 116.240599483571842, -32.623017388922698 ] } },
{ "type": "Feature", "properties": { "Site_ID": "NULL", "PlotName": "jnw2c", "Name": "jnw2cnw", "Code": "jnw", "Latitude": "-32.622113", "Longitude": "116.240629" }, "geometry": { "type": "Point", "coordinates": [ 116.240629207957355, -32.622112758542727 ] } },
{ "type": "Feature", "properties": { "Site_ID": "NULL", "PlotName": "jnw2c", "Name": "jnw2ccen", "Code": "jnw", "Latitude": "-32.622565", "Longitude": "116.241146" }, "geometry": { "type": "Point", "coordinates": [ 116.241145512139198, -32.622564599709747 ] } },
{ "type": "Feature", "properties": { "Site_ID": "NULL", "PlotName": "jnw2c", "Name": "jnw2cne", "Code": "jnw", "Latitude": "-32.622119", "Longitude": "116.241693" }, "geometry": { "type": "Point", "coordinates": [ 116.241692607001355, -32.622118697190764 ] } },
{ "type": "Feature", "properties": { "Site_ID": "NULL", "PlotName": "jnw2c", "Name": "jnw2cse", "Code": "jnw", "Latitude": "-32.623010", "Longitude": "116.241656" }, "geometry": { "type": "Point", "coordinates": [ 116.241656116798012, -32.623010351533971 ] } },
{ "type": "Feature", "properties": { "Site_ID": "NULL", "PlotName": "jnw2b", "Name": "jnw2bnw", "Code": "jnw", "Latitude": "-32.623269", "Longitude": "116.234738" }, "geometry": { "type": "Point", "coordinates": [ 116.23473814287108, -32.623269437608265 ] } },
{ "type": "Feature", "properties": { "Site_ID": "NULL", "PlotName": "jnw2b", "Name": "jnw2bsw", "Code": "jnw", "Latitude": "-32.624202", "Longitude": "116.234749" }, "geometry": { "type": "Point", "coordinates": [ 116.234748949206107, -32.624201699385551 ] } },
{ "type": "Feature", "properties": { "Site_ID": "NULL", "PlotName": "jnw2b", "Name": "jnw2bse", "Code": "jnw", "Latitude": "-32.624189", "Longitude": "116.235798" }, "geometry": { "type": "Point", "coordinates": [ 116.235797553500802, -32.624189033658347 ] } },
{ "type": "Feature", "properties": { "Site_ID": "NULL", "PlotName": "jnw2b", "Name": "jnw2bcen", "Code": "jnw", "Latitude": "-32.623713", "Longitude": "116.235249" }, "geometry": { "type": "Point", "coordinates": [ 116.235248751293312, -32.623712689456312 ] } },
{ "type": "Feature", "properties": { "Site_ID": "NULL", "PlotName": "jnw2b", "Name": "jnw2bne", "Code": "jnw", "Latitude": "-32.623252", "Longitude": "116.235851" }, "geometry": { "type": "Point", "coordinates": [ 116.235851180137786, -32.623252058318165 ] } },
{ "type": "Feature", "properties": { "Site_ID": "NULL", "PlotName": "jnw2a", "Name": "jnw2asw", "Code": "jnw", "Latitude": "-32.617052", "Longitude": "116.220238" }, "geometry": { "type": "Point", "coordinates": [ 116.220238362109299, -32.617052365715345 ] } },
{ "type": "Feature", "properties": { "Site_ID": "NULL", "PlotName": "jnw2a", "Name": "jnw2anw", "Code": "jnw", "Latitude": "-32.616159", "Longitude": "116.220241" }, "geometry": { "type": "Point", "coordinates": [ 116.220241064173777, -32.616159038502396 ] } },
{ "type": "Feature", "properties": { "Site_ID": "NULL", "PlotName": "jnw2a", "Name": "jnw2ane", "Code": "jnw", "Latitude": "-32.616134", "Longitude": "116.221275" }, "geometry": { "type": "Point", "coordinates": [ 116.221275378440637, -32.616134019242359 ] } },
{ "type": "Feature", "properties": { "Site_ID": "NULL", "PlotName": "jnw2a", "Name": "jnw2acen", "Code": "jnw", "Latitude": "-32.616583", "Longitude": "116.220744" }, "geometry": { "type": "Point", "coordinates": [ 116.220744237749628, -32.616582673888843 ] } },
{ "type": "Feature", "properties": { "Site_ID": "NULL", "PlotName": "jnw2a", "Name": "jnw2ase", "Code": "jnw", "Latitude": "-32.617058", "Longitude": "116.221320" }, "geometry": { "type": "Point", "coordinates": [ 116.221319991456525, -32.617057903986819 ] } },
{ "type": "Feature", "properties": { "Site_ID": "NULL", "PlotName": "jne4a", "Name": "jne4asw", "Code": "jne", "Latitude": "-32.469218", "Longitude": "116.360031" }, "geometry": { "type": "Point", "coordinates": [ 116.360031134015912, -32.46921828950191 ] } },
{ "type": "Feature", "properties": { "Site_ID": "NULL", "PlotName": "jne4a", "Name": "jne4anw", "Code": "jne", "Latitude": "-32.468312", "Longitude": "116.360015" }, "geometry": { "type": "Point", "coordinates": [ 116.360015349552754, -32.468311671599452 ] } },
{ "type": "Feature", "properties": { "Site_ID": "NULL", "PlotName": "jne4a", "Name": "jne4ane", "Code": "jne", "Latitude": "-32.468318", "Longitude": "116.361094" }, "geometry": { "type": "Point", "coordinates": [ 116.361093884635565, -32.468317853370394 ] } },
{ "type": "Feature", "properties": { "Site_ID": "NULL", "PlotName": "jne4a", "Name": "jne4acen", "Code": "jne", "Latitude": "-32.468766", "Longitude": "116.360558" }, "geometry": { "type": "Point", "coordinates": [ 116.360557530214976, -32.468766049173247 ] } },
{ "type": "Feature", "properties": { "Site_ID": "NULL", "PlotName": "jne4a", "Name": "jne4ase", "Code": "jne", "Latitude": "-32.469221", "Longitude": "116.361085" }, "geometry": { "type": "Point", "coordinates": [ 116.361084678057395, -32.469220727005982 ] } },
{ "type": "Feature", "properties": { "Site_ID": "NULL", "PlotName": "jne4b", "Name": "jne4bse", "Code": "jne", "Latitude": "-32.458496", "Longitude": "116.395181" }, "geometry": { "type": "Point", "coordinates": [ 116.395180911101576, -32.458495514277693 ] } },
{ "type": "Feature", "properties": { "Site_ID": "NULL", "PlotName": "jne4b", "Name": "jne4bsw", "Code": "jne", "Latitude": "-32.458485", "Longitude": "116.394118" }, "geometry": { "type": "Point", "coordinates": [ 116.394118328601721, -32.458484893976717 ] } },
{ "type": "Feature", "properties": { "Site_ID": "NULL", "PlotName": "jne4b", "Name": "jne4bnw", "Code": "jne", "Latitude": "-32.457590", "Longitude": "116.394122" }, "geometry": { "type": "Point", "coordinates": [ 116.394121762437578, -32.457590447847259 ] } },
{ "type": "Feature", "properties": { "Site_ID": "NULL", "PlotName": "jne4b", "Name": "jne4bcen", "Code": "jne", "Latitude": "-32.458043", "Longitude": "116.394652" }, "geometry": { "type": "Point", "coordinates": [ 116.3946515724584, -32.458043141173093 ] } },
{ "type": "Feature", "properties": { "Site_ID": "NULL", "PlotName": "jne4b", "Name": "jne4bne", "Code": "jne", "Latitude": "-32.457591", "Longitude": "116.395182" }, "geometry": { "type": "Point", "coordinates": [ 116.395181794704712, -32.457591033526263 ] } },
{ "type": "Feature", "properties": { "Site_ID": "NULL", "PlotName": "jne4c", "Name": "jne4csw", "Code": "jne", "Latitude": "-32.463965", "Longitude": "116.423171" }, "geometry": { "type": "Point", "coordinates": [ 116.423170908590279, -32.463964723662244 ] } },
{ "type": "Feature", "properties": { "Site_ID": "NULL", "PlotName": "jne4c", "Name": "jne4cnw", "Code": "jne", "Latitude": "-32.463063", "Longitude": "116.423178" }, "geometry": { "type": "Point", "coordinates": [ 116.423177721740814, -32.46306281262197 ] } },
{ "type": "Feature", "properties": { "Site_ID": "NULL", "PlotName": "jne4c", "Name": "jne4cne", "Code": "jne", "Latitude": "-32.463068", "Longitude": "116.424241" }, "geometry": { "type": "Point", "coordinates": [ 116.424240932298346, -32.463067697154521 ] } },
{ "type": "Feature", "properties": { "Site_ID": "NULL", "PlotName": "jne4c", "Name": "jne4ccen", "Code": "jne", "Latitude": "-32.463516", "Longitude": "116.423705" }, "geometry": { "type": "Point", "coordinates": [ 116.42370516124771, -32.463516374991734 ] } },
{ "type": "Feature", "properties": { "Site_ID": "NULL", "PlotName": "jne4c", "Name": "jne4cse", "Code": "jne", "Latitude": "-32.463971", "Longitude": "116.424236" }, "geometry": { "type": "Point", "coordinates": [ 116.424235697291337, -32.46397075218097 ] } },
{ "type": "Feature", "properties": { "Site_ID": "NULL", "PlotName": "kar4a", "Name": "kar4anw", "Code": "kar", "Latitude": "-34.298592", "Longitude": "115.884582" }, "geometry": { "type": "Point", "coordinates": [ 115.884581859915897, -34.298591986159039 ] } },
{ "type": "Feature", "properties": { "Site_ID": "NULL", "PlotName": "kar4b", "Name": "kar4bcen", "Code": "kar", "Latitude": "-34.302218", "Longitude": "115.886951" }, "geometry": { "type": "Point", "coordinates": [ 115.886951208818061, -34.302217774282553 ] } },
{ "type": "Feature", "properties": { "Site_ID": "NULL", "PlotName": "kar4b", "Name": "kar4bse", "Code": "kar", "Latitude": "-34.302645", "Longitude": "115.887525" }, "geometry": { "type": "Point", "coordinates": [ 115.887524943031863, -34.302645111747836 ] } },
{ "type": "Feature", "properties": { "Site_ID": "NULL", "PlotName": "kar3b", "Name": "kar3bse", "Code": "kar", "Latitude": "-34.465933", "Longitude": "116.386068" }, "geometry": { "type": "Point", "coordinates": [ 116.386068154836593, -34.465932567995019 ] } },
{ "type": "Feature", "properties": { "Site_ID": "NULL", "PlotName": "kar3b", "Name": "kar3bsw", "Code": "kar", "Latitude": "-34.465943", "Longitude": "116.384994" }, "geometry": { "type": "Point", "coordinates": [ 116.384994405616837, -34.465942663344343 ] } },
{ "type": "Feature", "properties": { "Site_ID": "NULL", "PlotName": "kar3b", "Name": "kar3bcen", "Code": "kar", "Latitude": "-34.465488", "Longitude": "116.385554" }, "geometry": { "type": "Point", "coordinates": [ 116.385554374843622, -34.465488039053554 ] } },
{ "type": "Feature", "properties": { "Site_ID": "NULL", "PlotName": "kar3b", "Name": "kar3bne", "Code": "kar", "Latitude": "-34.465049", "Longitude": "116.386090" }, "geometry": { "type": "Point", "coordinates": [ 116.386089802497978, -34.465048917152927 ] } },
{ "type": "Feature", "properties": { "Site_ID": "NULL", "PlotName": "kar3b", "Name": "kar3bnw", "Code": "kar", "Latitude": "-34.465037", "Longitude": "116.385001" }, "geometry": { "type": "Point", "coordinates": [ 116.385001474537631, -34.465036745997551 ] } },
{ "type": "Feature", "properties": { "Site_ID": "NULL", "PlotName": "kar3a", "Name": "kar3ane", "Code": "kar", "Latitude": "-34.460667", "Longitude": "116.387410" }, "geometry": { "type": "Point", "coordinates": [ 116.3874097680593, -34.460666579902764 ] } },
{ "type": "Feature", "properties": { "Site_ID": "NULL", "PlotName": "kar3a", "Name": "kar3ase", "Code": "kar", "Latitude": "-34.461571", "Longitude": "116.387403" }, "geometry": { "type": "Point", "coordinates": [ 116.387403345363481, -34.461571211837075 ] } },
{ "type": "Feature", "properties": { "Site_ID": "NULL", "PlotName": "kar3a", "Name": "kar3acen", "Code": "kar", "Latitude": "-34.461114", "Longitude": "116.386857" }, "geometry": { "type": "Point", "coordinates": [ 116.386856947615172, -34.461114224082266 ] } },
{ "type": "Feature", "properties": { "Site_ID": "NULL", "PlotName": "kar3a", "Name": "kar3asw", "Code": "kar", "Latitude": "-34.461567", "Longitude": "116.386309" }, "geometry": { "type": "Point", "coordinates": [ 116.386308569662532, -34.461566965161708 ] } },
{ "type": "Feature", "properties": { "Site_ID": "NULL", "PlotName": "kar3a", "Name": "kar3anw", "Code": "kar", "Latitude": "-34.460662", "Longitude": "116.386298" }, "geometry": { "type": "Point", "coordinates": [ 116.386297811880752, -34.460662454516715 ] } },
{ "type": "Feature", "properties": { "Site_ID": "NULL", "PlotName": "kar1b", "Name": "kar1bsw", "Code": "kar", "Latitude": "-34.672974", "Longitude": "116.244293" }, "geometry": { "type": "Point", "coordinates": [ 116.244292507674487, -34.67297447368626 ] } },
{ "type": "Feature", "properties": { "Site_ID": "NULL", "PlotName": "kar1b", "Name": "kar1bse", "Code": "kar", "Latitude": "-34.672981", "Longitude": "116.245382" }, "geometry": { "type": "Point", "coordinates": [ 116.245382013065111, -34.672981484628565 ] } },
{ "type": "Feature", "properties": { "Site_ID": "NULL", "PlotName": "kar1b", "Name": "kar1bcen", "Code": "kar", "Latitude": "-34.672532", "Longitude": "116.244850" }, "geometry": { "type": "Point", "coordinates": [ 116.24484980993185, -34.672532112828364 ] } },
{ "type": "Feature", "properties": { "Site_ID": "NULL", "PlotName": "kar1b", "Name": "kar1bne", "Code": "kar", "Latitude": "-34.672075", "Longitude": "116.245379" }, "geometry": { "type": "Point", "coordinates": [ 116.245379013892602, -34.67207499387208 ] } },
{ "type": "Feature", "properties": { "Site_ID": "NULL", "PlotName": "kar1b", "Name": "kar1bnw", "Code": "kar", "Latitude": "-34.672070", "Longitude": "116.244303" }, "geometry": { "type": "Point", "coordinates": [ 116.244302672331614, -34.672070454266645 ] } },
{ "type": "Feature", "properties": { "Site_ID": "NULL", "PlotName": "kar1a", "Name": "kar1asw", "Code": "kar", "Latitude": "-34.687185", "Longitude": "116.243858" }, "geometry": { "type": "Point", "coordinates": [ 116.243858038962088, -34.687185388941167 ] } },
{ "type": "Feature", "properties": { "Site_ID": "NULL", "PlotName": "kar1a", "Name": "kar1anw", "Code": "kar", "Latitude": "-34.686290", "Longitude": "116.243863" }, "geometry": { "type": "Point", "coordinates": [ 116.243862727081464, -34.686290400417001 ] } },
{ "type": "Feature", "properties": { "Site_ID": "NULL", "PlotName": "kar4a", "Name": "kar4ane", "Code": "kar", "Latitude": "-34.298609", "Longitude": "115.885614" }, "geometry": { "type": "Point", "coordinates": [ 115.885614135245632, -34.298609127462036 ] } },
{ "type": "Feature", "properties": { "Site_ID": "NULL", "PlotName": "kar4a", "Name": "kar4ase", "Code": "kar", "Latitude": "-34.299511", "Longitude": "115.885602" }, "geometry": { "type": "Point", "coordinates": [ 115.885602225689695, -34.299510804368943 ] } },
{ "type": "Feature", "properties": { "Site_ID": "NULL", "PlotName": "kar4a", "Name": "kar4asw", "Code": "kar", "Latitude": "-34.299501", "Longitude": "115.884516" }, "geometry": { "type": "Point", "coordinates": [ 115.884515740870242, -34.299500915561048 ] } },
{ "type": "Feature", "properties": { "Site_ID": "NULL", "PlotName": "kar4a", "Name": "kar4acen", "Code": "kar", "Latitude": "-34.299055", "Longitude": "115.885065" }, "geometry": { "type": "Point", "coordinates": [ 115.885064940959282, -34.299055022815779 ] } },
{ "type": "Feature", "properties": { "Site_ID": "NULL", "PlotName": "kar4b", "Name": "kar4bne", "Code": "kar", "Latitude": "-34.301747", "Longitude": "115.887529" }, "geometry": { "type": "Point", "coordinates": [ 115.887528651330697, -34.301746706028048 ] } },
{ "type": "Feature", "properties": { "Site_ID": "NULL", "PlotName": "kar4b", "Name": "kar4bnw", "Code": "kar", "Latitude": "-34.301737", "Longitude": "115.886442" }, "geometry": { "type": "Point", "coordinates": [ 115.88644213700735, -34.301736833742922 ] } },
{ "type": "Feature", "properties": { "Site_ID": "NULL", "PlotName": "kar4b", "Name": "kar4bsw", "Code": "kar", "Latitude": "-34.302639", "Longitude": "115.886430" }, "geometry": { "type": "Point", "coordinates": [ 115.886430234905689, -34.302638510442911 ] } },
{ "type": "Feature", "properties": { "Site_ID": "NULL", "PlotName": "jne7a", "Name": "jne7ane", "Code": "jne", "Latitude": "-32.060325", "Longitude": "116.324248" }, "geometry": { "type": "Point", "coordinates": [ 116.324247786245522, -32.060324773141993 ] } },
{ "type": "Feature", "properties": { "Site_ID": "NULL", "PlotName": "jne7a", "Name": "jne7anw", "Code": "jne", "Latitude": "-32.060316", "Longitude": "116.323187" }, "geometry": { "type": "Point", "coordinates": [ 116.323186837151837, -32.060315729103245 ] } },
{ "type": "Feature", "properties": { "Site_ID": "NULL", "PlotName": "jne7a", "Name": "jne7asw", "Code": "jne", "Latitude": "-32.061215", "Longitude": "116.323183" }, "geometry": { "type": "Point", "coordinates": [ 116.323183119143437, -32.061214850151146 ] } },
{ "type": "Feature", "properties": { "Site_ID": "NULL", "PlotName": "jne7a", "Name": "jne7ase", "Code": "jne", "Latitude": "-32.061227", "Longitude": "116.324242" }, "geometry": { "type": "Point", "coordinates": [ 116.324241553983668, -32.061227227859106 ] } },
{ "type": "Feature", "properties": { "Site_ID": "NULL", "PlotName": "jne7a", "Name": "jne7acen", "Code": "jne", "Latitude": "-32.060772", "Longitude": "116.323706" }, "geometry": { "type": "Point", "coordinates": [ 116.323706496898737, -32.060772164720497 ] } },
{ "type": "Feature", "properties": { "Site_ID": "NULL", "PlotName": "jne7c", "Name": "jne7cnw", "Code": "jne", "Latitude": "-32.064444", "Longitude": "116.330097" }, "geometry": { "type": "Point", "coordinates": [ 116.330097061306816, -32.064443868864309 ] } },
{ "type": "Feature", "properties": { "Site_ID": "NULL", "PlotName": "jne7c", "Name": "jne7cne", "Code": "jne", "Latitude": "-32.064455", "Longitude": "116.331157" }, "geometry": { "type": "Point", "coordinates": [ 116.331156909214926, -32.064455195209078 ] } },
{ "type": "Feature", "properties": { "Site_ID": "NULL", "PlotName": "jne7c", "Name": "jne7cse", "Code": "jne", "Latitude": "-32.065371", "Longitude": "116.331151" }, "geometry": { "type": "Point", "coordinates": [ 116.331150667507245, -32.065371038027145 ] } },
{ "type": "Feature", "properties": { "Site_ID": "NULL", "PlotName": "jne7c", "Name": "jne7csw", "Code": "jne", "Latitude": "-32.065373", "Longitude": "116.330095" }, "geometry": { "type": "Point", "coordinates": [ 116.330095194474495, -32.065372869900656 ] } },
{ "type": "Feature", "properties": { "Site_ID": "NULL", "PlotName": "jne7c", "Name": "jne7ccen", "Code": "jne", "Latitude": "-32.064938", "Longitude": "116.330623" }, "geometry": { "type": "Point", "coordinates": [ 116.330623232884321, -32.064937794849413 ] } },
{ "type": "Feature", "properties": { "Site_ID": "NULL", "PlotName": "jne7b", "Name": "jne7bsw", "Code": "jne", "Latitude": "-32.084730", "Longitude": "116.310503" }, "geometry": { "type": "Point", "coordinates": [ 116.310503146907649, -32.084730199225291 ] } },
{ "type": "Feature", "properties": { "Site_ID": "NULL", "PlotName": "jne7b", "Name": "jne7bnw", "Code": "jne", "Latitude": "-32.083843", "Longitude": "116.310474" }, "geometry": { "type": "Point", "coordinates": [ 116.310474079130017, -32.083842776635912 ] } },
{ "type": "Feature", "properties": { "Site_ID": "NULL", "PlotName": "jne7b", "Name": "jne7bne", "Code": "jne", "Latitude": "-32.083835", "Longitude": "116.311570" }, "geometry": { "type": "Point", "coordinates": [ 116.311569858286134, -32.083835447066505 ] } },
{ "type": "Feature", "properties": { "Site_ID": "NULL", "PlotName": "jne7b", "Name": "jne7bse", "Code": "jne", "Latitude": "-32.084739", "Longitude": "116.311562" }, "geometry": { "type": "Point", "coordinates": [ 116.311561772654244, -32.084738725716385 ] } },
{ "type": "Feature", "properties": { "Site_ID": "NULL", "PlotName": "jne7b", "Name": "jne7bcen", "Code": "jne", "Latitude": "-32.084285", "Longitude": "116.310923" }, "geometry": { "type": "Point", "coordinates": [ 116.310922524097705, -32.084285091286532 ] } },
{ "type": "Feature", "properties": { "Site_ID": "NULL", "PlotName": "jnw7b", "Name": "jnw7bcen", "Code": "jnw", "Latitude": "-32.420996", "Longitude": "116.057052" }, "geometry": { "type": "Point", "coordinates": [ 116.057052339386814, -32.42099587848508 ] } },
{ "type": "Feature", "properties": { "Site_ID": "NULL", "PlotName": "jnw7b", "Name": "jnw7bnw", "Code": "jnw", "Latitude": "-32.420544", "Longitude": "116.056527" }, "geometry": { "type": "Point", "coordinates": [ 116.056526923351882, -32.420544410439973 ] } },
{ "type": "Feature", "properties": { "Site_ID": "NULL", "PlotName": "jnw7b", "Name": "jnw7bne", "Code": "jnw", "Latitude": "-32.420551", "Longitude": "116.057589" }, "geometry": { "type": "Point", "coordinates": [ 116.057589270847757, -32.420551071653861 ] } },
{ "type": "Feature", "properties": { "Site_ID": "NULL", "PlotName": "jnw7b", "Name": "jnw7bse", "Code": "jnw", "Latitude": "-32.421449", "Longitude": "116.057583" }, "geometry": { "type": "Point", "coordinates": [ 116.057582878082926, -32.421449213885026 ] } },
{ "type": "Feature", "properties": { "Site_ID": "NULL", "PlotName": "jnw7b", "Name": "jnw7bsw", "Code": "jnw", "Latitude": "-32.421446", "Longitude": "116.056518" }, "geometry": { "type": "Point", "coordinates": [ 116.056518216791062, -32.421446197572102 ] } },
{ "type": "Feature", "properties": { "Site_ID": "NULL", "PlotName": "jnw7c", "Name": "jnw7cse", "Code": "jnw", "Latitude": "-32.423378", "Longitude": "116.057257" }, "geometry": { "type": "Point", "coordinates": [ 116.057257221456808, -32.423377790791861 ] } },
{ "type": "Feature", "properties": { "Site_ID": "NULL", "PlotName": "jnw7c", "Name": "jnw7cne", "Code": "jnw", "Latitude": "-32.422482", "Longitude": "116.057266" }, "geometry": { "type": "Point", "coordinates": [ 116.057266109494478, -32.422482454947328 ] } },
{ "type": "Feature", "properties": { "Site_ID": "NULL", "PlotName": "jnw7c", "Name": "jnw7cnw", "Code": "jnw", "Latitude": "-32.422478", "Longitude": "116.056219" }, "geometry": { "type": "Point", "coordinates": [ 116.056218578930398, -32.422477543523023 ] } },
{ "type": "Feature", "properties": { "Site_ID": "NULL", "PlotName": "jnw7c", "Name": "jnw7csw", "Code": "jnw", "Latitude": "-32.423368", "Longitude": "116.056196" }, "geometry": { "type": "Point", "coordinates": [ 116.056195668308021, -32.423368272804709 ] } },
{ "type": "Feature", "properties": { "Site_ID": "NULL", "PlotName": "jnw7c", "Name": "jnw7ccen", "Code": "jnw", "Latitude": "-32.422926", "Longitude": "116.056729" }, "geometry": { "type": "Point", "coordinates": [ 116.056729498104332, -32.422925891374938 ] } },
{ "type": "Feature", "properties": { "Site_ID": "NULL", "PlotName": "jnw7a", "Name": "jnw7asw", "Code": "jnw", "Latitude": "-32.416779", "Longitude": "116.055774" }, "geometry": { "type": "Point", "coordinates": [ 116.055773960206523, -32.416779162037955 ] } },
{ "type": "Feature", "properties": { "Site_ID": "NULL", "PlotName": "jnw7a", "Name": "jnw7anw", "Code": "jnw", "Latitude": "-32.415880", "Longitude": "116.055781" }, "geometry": { "type": "Point", "coordinates": [ 116.055781380972434, -32.415879872501449 ] } },
{ "type": "Feature", "properties": { "Site_ID": "NULL", "PlotName": "jnw7a", "Name": "jnw7ane", "Code": "jnw", "Latitude": "-32.415891", "Longitude": "116.056841" }, "geometry": { "type": "Point", "coordinates": [ 116.05684117334232, -32.415890732935679 ] } },
{ "type": "Feature", "properties": { "Site_ID": "NULL", "PlotName": "jnw7a", "Name": "jnw7ase", "Code": "jnw", "Latitude": "-32.416794", "Longitude": "116.056837" }, "geometry": { "type": "Point", "coordinates": [ 116.056836882800113, -32.416793753588337 ] } },
{ "type": "Feature", "properties": { "Site_ID": "NULL", "PlotName": "jnw7a", "Name": "jnw7acen", "Code": "jnw", "Latitude": "-32.416332", "Longitude": "116.056302" }, "geometry": { "type": "Point", "coordinates": [ 116.05630196346705, -32.416332020070563 ] } },
{ "type": "Feature", "properties": { "Site_ID": "NULL", "PlotName": "jbw4a", "Name": "jbw4anw", "Code": "jbw", "Latitude": "-33.881864", "Longitude": "115.292747" }, "geometry": { "type": "Point", "coordinates": [ 115.292746529995753, -33.881864441276456 ] } },
{ "type": "Feature", "properties": { "Site_ID": "NULL", "PlotName": "jbw4a", "Name": "jbw4acen", "Code": "jbw", "Latitude": "-33.882326", "Longitude": "115.293300" }, "geometry": { "type": "Point", "coordinates": [ 115.293299619372618, -33.882325950322304 ] } },
{ "type": "Feature", "properties": { "Site_ID": "NULL", "PlotName": "jbw4a", "Name": "jbw4asw", "Code": "jbw", "Latitude": "-33.882771", "Longitude": "115.292809" }, "geometry": { "type": "Point", "coordinates": [ 115.292809109463263, -33.88277127632481 ] } },
{ "type": "Feature", "properties": { "Site_ID": "NULL", "PlotName": "jbw4a", "Name": "jbw4ase", "Code": "jbw", "Latitude": "-33.882786", "Longitude": "115.293868" }, "geometry": { "type": "Point", "coordinates": [ 115.293868374655816, -33.88278615897277 ] } },
{ "type": "Feature", "properties": { "Site_ID": "NULL", "PlotName": "jbw4a", "Name": "jbw4ane", "Code": "jbw", "Latitude": "-33.881884", "Longitude": "115.293835" }, "geometry": { "type": "Point", "coordinates": [ 115.293834816709321, -33.88188406367528 ] } },
{ "type": "Feature", "properties": { "Site_ID": "NULL", "PlotName": "jbw4c", "Name": "jbw4cnw", "Code": "jbw", "Latitude": "-33.881069", "Longitude": "115.285927" }, "geometry": { "type": "Point", "coordinates": [ 115.285926711040503, -33.881069443633137 ] } },
{ "type": "Feature", "properties": { "Site_ID": "NULL", "PlotName": "jbw4c", "Name": "jbw4ccen", "Code": "jbw", "Latitude": "-33.881520", "Longitude": "115.286462" }, "geometry": { "type": "Point", "coordinates": [ 115.286462474085596, -33.88151992961533 ] } },
{ "type": "Feature", "properties": { "Site_ID": "NULL", "PlotName": "jbw4c", "Name": "jbw4cne", "Code": "jbw", "Latitude": "-33.881074", "Longitude": "115.287019" }, "geometry": { "type": "Point", "coordinates": [ 115.287019177663623, -33.88107401673166 ] } },
{ "type": "Feature", "properties": { "Site_ID": "NULL", "PlotName": "jbw4c", "Name": "jbw4cse", "Code": "jbw", "Latitude": "-33.881993", "Longitude": "115.286977" }, "geometry": { "type": "Point", "coordinates": [ 115.286977192377876, -33.881993115458734 ] } },
{ "type": "Feature", "properties": { "Site_ID": "NULL", "PlotName": "jbw4c", "Name": "jbw4csw", "Code": "jbw", "Latitude": "-33.881962", "Longitude": "115.285906" }, "geometry": { "type": "Point", "coordinates": [ 115.285906285772526, -33.881962492492079 ] } },
{ "type": "Feature", "properties": { "Site_ID": "NULL", "PlotName": "jbw4b", "Name": "jbw4bne", "Code": "jbw", "Latitude": "-33.880909", "Longitude": "115.277256" }, "geometry": { "type": "Point", "coordinates": [ 115.277256306977279, -33.880909046330366 ] } },
{ "type": "Feature", "properties": { "Site_ID": "NULL", "PlotName": "jbw4b", "Name": "jbw4bcen", "Code": "jbw", "Latitude": "-33.881324", "Longitude": "115.276703" }, "geometry": { "type": "Point", "coordinates": [ 115.276702806467767, -33.8813244436719 ] } },
{ "type": "Feature", "properties": { "Site_ID": "NULL", "PlotName": "jbw4b", "Name": "jbw4bse", "Code": "jbw", "Latitude": "-33.881780", "Longitude": "115.277233" }, "geometry": { "type": "Point", "coordinates": [ 115.277232784086934, -33.881780127270609 ] } },
{ "type": "Feature", "properties": { "Site_ID": "NULL", "PlotName": "jbw4b", "Name": "jbw4bsw", "Code": "jbw", "Latitude": "-33.881804", "Longitude": "115.276235" }, "geometry": { "type": "Point", "coordinates": [ 115.276235065123458, -33.88180407103755 ] } },
{ "type": "Feature", "properties": { "Site_ID": "NULL", "PlotName": "jbw4b", "Name": "jbw4bnw", "Code": "jbw", "Latitude": "-33.880873", "Longitude": "115.276146" }, "geometry": { "type": "Point", "coordinates": [ 115.276146057379293, -33.880873424038455 ] } },
{ "type": "Feature", "properties": { "Site_ID": "NULL", "PlotName": "kar2b", "Name": "kar2bse", "Code": "kar", "Latitude": "-34.133796", "Longitude": "115.069317" }, "geometry": { "type": "Point", "coordinates": [ 115.069317484672126, -34.133795733788673 ] } },
{ "type": "Feature", "properties": { "Site_ID": "NULL", "PlotName": "kar2b", "Name": "kar2bsw", "Code": "kar", "Latitude": "-34.133734", "Longitude": "115.068209" }, "geometry": { "type": "Point", "coordinates": [ 115.068209417503681, -34.133734063376771 ] } },
{ "type": "Feature", "properties": { "Site_ID": "NULL", "PlotName": "kar2b", "Name": "kar2bnw", "Code": "kar", "Latitude": "-34.132874", "Longitude": "115.068154" }, "geometry": { "type": "Point", "coordinates": [ 115.068154187569093, -34.132874351916051 ] } },
{ "type": "Feature", "properties": { "Site_ID": "NULL", "PlotName": "kar2b", "Name": "kar2bcen", "Code": "kar", "Latitude": "-34.133300", "Longitude": "115.068825" }, "geometry": { "type": "Point", "coordinates": [ 115.068825463828205, -34.1333002473283 ] } },
{ "type": "Feature", "properties": { "Site_ID": "NULL", "PlotName": "kar2b", "Name": "kar2bne", "Code": "kar", "Latitude": "-34.132902", "Longitude": "115.069375" }, "geometry": { "type": "Point", "coordinates": [ 115.069375218747496, -34.13290172315623 ] } },
{ "type": "Feature", "properties": { "Site_ID": "NULL", "PlotName": "kar2a", "Name": "kar2asw", "Code": "kar", "Latitude": "-34.141640", "Longitude": "115.071435" }, "geometry": { "type": "Point", "coordinates": [ 115.07143533884657, -34.1416401652722 ] } },
{ "type": "Feature", "properties": { "Site_ID": "NULL", "PlotName": "kar2a", "Name": "kar2ase", "Code": "kar", "Latitude": "-34.141696", "Longitude": "115.072537" }, "geometry": { "type": "Point", "coordinates": [ 115.072537061407601, -34.141695559317149 ] } },
{ "type": "Feature", "properties": { "Site_ID": "NULL", "PlotName": "kar2a", "Name": "kar2ane", "Code": "kar", "Latitude": "-34.140730", "Longitude": "115.072597" }, "geometry": { "type": "Point", "coordinates": [ 115.072597390400858, -34.140729679349683 ] } },
{ "type": "Feature", "properties": { "Site_ID": "NULL", "PlotName": "kar2a", "Name": "kar2acen", "Code": "kar", "Latitude": "-34.141174", "Longitude": "115.072084" }, "geometry": { "type": "Point", "coordinates": [ 115.072084453125882, -34.141173734974693 ] } },
{ "type": "Feature", "properties": { "Site_ID": "NULL", "PlotName": "kar2a", "Name": "kar2anw", "Code": "kar", "Latitude": "-34.140713", "Longitude": "115.071363" }, "geometry": { "type": "Point", "coordinates": [ 115.07136306337317, -34.14071304854253 ] } },
{ "type": "Feature", "properties": { "Site_ID": "NULL", "PlotName": "jbw5b", "Name": "jbw5bcen", "Code": "jbw", "Latitude": "-34.086091", "Longitude": "115.352858" }, "geometry": { "type": "Point", "coordinates": [ 115.352857539330884, -34.086090927571966 ] } },
{ "type": "Feature", "properties": { "Site_ID": "NULL", "PlotName": "jbw5b", "Name": "jbw5bsw", "Code": "jbw", "Latitude": "-34.086531", "Longitude": "115.352301" }, "geometry": { "type": "Point", "coordinates": [ 115.352301178422394, -34.086531008486453 ] } },
{ "type": "Feature", "properties": { "Site_ID": "NULL", "PlotName": "jbw5b", "Name": "jbw5bne", "Code": "jbw", "Latitude": "-34.085632", "Longitude": "115.353420" }, "geometry": { "type": "Point", "coordinates": [ 115.353420217003503, -34.085632163479815 ] } },
{ "type": "Feature", "properties": { "Site_ID": "NULL", "PlotName": "jbw5b", "Name": "jbw5bse", "Code": "jbw", "Latitude": "-34.086528", "Longitude": "115.353436" }, "geometry": { "type": "Point", "coordinates": [ 115.353435932378247, -34.086528261627869 ] } },
{ "type": "Feature", "properties": { "Site_ID": "NULL", "PlotName": "jbw5b", "Name": "jbw5bnw", "Code": "jbw", "Latitude": "-34.085710", "Longitude": "115.352408" }, "geometry": { "type": "Point", "coordinates": [ 115.352408018455563, -34.085710424731182 ] } },
{ "type": "Feature", "properties": { "Site_ID": "NULL", "PlotName": "jbw5a", "Name": "jbw5ane", "Code": "jbw", "Latitude": "-34.090641", "Longitude": "115.358246" }, "geometry": { "type": "Point", "coordinates": [ 115.358245605099029, -34.090640883273096 ] } },
{ "type": "Feature", "properties": { "Site_ID": "NULL", "PlotName": "jbw5a", "Name": "jbw5ase", "Code": "jbw", "Latitude": "-34.091544", "Longitude": "115.358227" }, "geometry": { "type": "Point", "coordinates": [ 115.358227382008209, -34.091543624027828 ] } },
{ "type": "Feature", "properties": { "Site_ID": "NULL", "PlotName": "jbw5a", "Name": "jbw5acen", "Code": "jbw", "Latitude": "-34.091087", "Longitude": "115.357695" }, "geometry": { "type": "Point", "coordinates": [ 115.357694831210296, -34.0910866898408 ] } },
{ "type": "Feature", "properties": { "Site_ID": "NULL", "PlotName": "jbw5a", "Name": "jbw5asw", "Code": "jbw", "Latitude": "-34.091523", "Longitude": "115.357150" }, "geometry": { "type": "Point", "coordinates": [ 115.357149897188705, -34.091522770012652 ] } },
{ "type": "Feature", "properties": { "Site_ID": "NULL", "PlotName": "jbw5a", "Name": "jbw5anw", "Code": "jbw", "Latitude": "-34.090625", "Longitude": "115.357164" }, "geometry": { "type": "Point", "coordinates": [ 115.357164098191191, -34.090625160807178 ] } },
{ "type": "Feature", "properties": { "Site_ID": "NULL", "PlotName": "jbw5c", "Name": "jbw5cne", "Code": "jbw", "Latitude": "-34.088672", "Longitude": "115.354254" }, "geometry": { "type": "Point", "coordinates": [ 115.354253539782135, -34.088672274629502 ] } },
{ "type": "Feature", "properties": { "Site_ID": "NULL", "PlotName": "jbw5c", "Name": "jbw5ccen", "Code": "jbw", "Latitude": "-34.089114", "Longitude": "115.353710" }, "geometry": { "type": "Point", "coordinates": [ 115.353710009823885, -34.089113579533382 ] } },
{ "type": "Feature", "properties": { "Site_ID": "NULL", "PlotName": "jbw5c", "Name": "jbw5cnw", "Code": "jbw", "Latitude": "-34.088656", "Longitude": "115.353181" }, "geometry": { "type": "Point", "coordinates": [ 115.353180633377008, -34.088655947374242 ] } },
{ "type": "Feature", "properties": { "Site_ID": "NULL", "PlotName": "jbw5c", "Name": "jbw5csw", "Code": "jbw", "Latitude": "-34.089557", "Longitude": "115.353161" }, "geometry": { "type": "Point", "coordinates": [ 115.353160695789867, -34.089557202989916 ] } },
{ "type": "Feature", "properties": { "Site_ID": "NULL", "PlotName": "jbw5c", "Name": "jbw5cse", "Code": "jbw", "Latitude": "-34.089574", "Longitude": "115.354254" }, "geometry": { "type": "Point", "coordinates": [ 115.354254072429043, -34.089573732725164 ] } },
{ "type": "Feature", "properties": { "Site_ID": "NULL", "PlotName": "jbw3a", "Name": "jbw3anw", "Code": "jbw", "Latitude": "-34.022391", "Longitude": "115.496320" }, "geometry": { "type": "Point", "coordinates": [ 115.496320104988712, -34.02239134456525 ] } },
{ "type": "Feature", "properties": { "Site_ID": "NULL", "PlotName": "jbw3a", "Name": "jbw3asw", "Code": "jbw", "Latitude": "-34.023293", "Longitude": "115.496304" }, "geometry": { "type": "Point", "coordinates": [ 115.496304130131151, -34.023293281513745 ] } },
{ "type": "Feature", "properties": { "Site_ID": "NULL", "PlotName": "jbw3a", "Name": "jbw3acen", "Code": "jbw", "Latitude": "-34.022848", "Longitude": "115.496853" }, "geometry": { "type": "Point", "coordinates": [ 115.49685287930852, -34.022847671780823 ] } },
{ "type": "Feature", "properties": { "Site_ID": "NULL", "PlotName": "jbw3a", "Name": "jbw3ane", "Code": "jbw", "Latitude": "-34.022403", "Longitude": "115.497405" }, "geometry": { "type": "Point", "coordinates": [ 115.497404507580171, -34.02240305956321 ] } },
{ "type": "Feature", "properties": { "Site_ID": "NULL", "PlotName": "jbw3a", "Name": "jbw3ase", "Code": "jbw", "Latitude": "-34.023306", "Longitude": "115.497387" }, "geometry": { "type": "Point", "coordinates": [ 115.49738729505313, -34.023306433546644 ] } },
{ "type": "Feature", "properties": { "Site_ID": "NULL", "PlotName": "jbw3b", "Name": "jbw3bnw", "Code": "jbw", "Latitude": "-33.963142", "Longitude": "115.518337" }, "geometry": { "type": "Point", "coordinates": [ 115.518336737207761, -33.963141683965077 ] } },
{ "type": "Feature", "properties": { "Site_ID": "NULL", "PlotName": "jbw3b", "Name": "jbw3bsw", "Code": "jbw", "Latitude": "-33.964038", "Longitude": "115.518314" }, "geometry": { "type": "Point", "coordinates": [ 115.518314362942064, -33.964038048511888 ] } },
{ "type": "Feature", "properties": { "Site_ID": "NULL", "PlotName": "jbw3b", "Name": "jbw3bcen", "Code": "jbw", "Latitude": "-33.963592", "Longitude": "115.518864" }, "geometry": { "type": "Point", "coordinates": [ 115.518863524619164, -33.963591892329845 ] } },
{ "type": "Feature", "properties": { "Site_ID": "NULL", "PlotName": "jbw3b", "Name": "jbw3bse", "Code": "jbw", "Latitude": "-33.964051", "Longitude": "115.519399" }, "geometry": { "type": "Point", "coordinates": [ 115.519399042998302, -33.964050707355156 ] } },
{ "type": "Feature", "properties": { "Site_ID": "NULL", "PlotName": "jbw3b", "Name": "jbw3bne", "Code": "jbw", "Latitude": "-33.963148", "Longitude": "115.519415" }, "geometry": { "type": "Point", "coordinates": [ 115.519414535217066, -33.963148001267569 ] } },
{ "type": "Feature", "properties": { "Site_ID": "NULL", "PlotName": "jbw3c", "Name": "jbw3cne", "Code": "jbw", "Latitude": "-34.006389", "Longitude": "115.486733" }, "geometry": { "type": "Point", "coordinates": [ 115.486733424818723, -34.006388875161264 ] } },
{ "type": "Feature", "properties": { "Site_ID": "NULL", "PlotName": "jbw3c", "Name": "jbw3cnw", "Code": "jbw", "Latitude": "-34.006376", "Longitude": "115.485650" }, "geometry": { "type": "Point", "coordinates": [ 115.485650046150496, -34.006376288041942 ] } },
{ "type": "Feature", "properties": { "Site_ID": "NULL", "PlotName": "jbw3c", "Name": "jbw3ccen", "Code": "jbw", "Latitude": "-34.006833", "Longitude": "115.486184" }, "geometry": { "type": "Point", "coordinates": [ 115.486184470256759, -34.006833429084899 ] } },
{ "type": "Feature", "properties": { "Site_ID": "NULL", "PlotName": "jbw3c", "Name": "jbw3csw", "Code": "jbw", "Latitude": "-34.007277", "Longitude": "115.485636" }, "geometry": { "type": "Point", "coordinates": [ 115.485635823401012, -34.007276793891407 ] } },
{ "type": "Feature", "properties": { "Site_ID": "NULL", "PlotName": "jbw3c", "Name": "jbw3cse", "Code": "jbw", "Latitude": "-34.007290", "Longitude": "115.486718" }, "geometry": { "type": "Point", "coordinates": [ 115.486717804977843, -34.007290040441923 ] } },
{ "type": "Feature", "properties": { "Site_ID": "NULL", "PlotName": "jbw2b", "Name": "jbw2bsw", "Code": "jbw", "Latitude": "-33.920248", "Longitude": "115.664010" }, "geometry": { "type": "Point", "coordinates": [ 115.664009677730562, -33.920247684178257 ] } },
{ "type": "Feature", "properties": { "Site_ID": "NULL", "PlotName": "jbw2b", "Name": "jbw2bnw", "Code": "jbw", "Latitude": "-33.919340", "Longitude": "115.664024" }, "geometry": { "type": "Point", "coordinates": [ 115.664024291260475, -33.91933997199812 ] } },
{ "type": "Feature", "properties": { "Site_ID": "NULL", "PlotName": "jbw2b", "Name": "jbw2bne", "Code": "jbw", "Latitude": "-33.919356", "Longitude": "115.665105" }, "geometry": { "type": "Point", "coordinates": [ 115.665104576817797, -33.919356241862644 ] } },
{ "type": "Feature", "properties": { "Site_ID": "NULL", "PlotName": "jbw2b", "Name": "jbw2bcen", "Code": "jbw", "Latitude": "-33.919800", "Longitude": "115.664557" }, "geometry": { "type": "Point", "coordinates": [ 115.664556583783892, -33.919799888741458 ] } },
{ "type": "Feature", "properties": { "Site_ID": "NULL", "PlotName": "jbw2b", "Name": "jbw2bse", "Code": "jbw", "Latitude": "-33.920258", "Longitude": "115.665092" }, "geometry": { "type": "Point", "coordinates": [ 115.665091987543846, -33.920257663590618 ] } },
{ "type": "Feature", "properties": { "Site_ID": "NULL", "PlotName": "jbw2c", "Name": "jbw2csw", "Code": "jbw", "Latitude": "-33.904647", "Longitude": "115.693396" }, "geometry": { "type": "Point", "coordinates": [ 115.693396480247628, -33.904647176797504 ] } },
{ "type": "Feature", "properties": { "Site_ID": "NULL", "PlotName": "jbw2c", "Name": "jbw2cnw", "Code": "jbw", "Latitude": "-33.903748", "Longitude": "115.693412" }, "geometry": { "type": "Point", "coordinates": [ 115.693411570454273, -33.903748207507853 ] } },
{ "type": "Feature", "properties": { "Site_ID": "NULL", "PlotName": "jbw2c", "Name": "jbw2cne", "Code": "jbw", "Latitude": "-33.903754", "Longitude": "115.694493" }, "geometry": { "type": "Point", "coordinates": [ 115.694492557363787, -33.903754493805565 ] } },
{ "type": "Feature", "properties": { "Site_ID": "NULL", "PlotName": "jbw2c", "Name": "jbw2ccen", "Code": "jbw", "Latitude": "-33.904203", "Longitude": "115.693945" }, "geometry": { "type": "Point", "coordinates": [ 115.693945494971871, -33.904202614486287 ] } },
{ "type": "Feature", "properties": { "Site_ID": "NULL", "PlotName": "jbw2c", "Name": "jbw2cse", "Code": "jbw", "Latitude": "-33.904662", "Longitude": "115.694480" }, "geometry": { "type": "Point", "coordinates": [ 115.694479690224824, -33.904662333761621 ] } },
{ "type": "Feature", "properties": { "Site_ID": "NULL", "PlotName": "jbw2a", "Name": "jbw2ane", "Code": "jbw", "Latitude": "-33.899700", "Longitude": "115.707822" }, "geometry": { "type": "Point", "coordinates": [ 115.707821596151732, -33.899699683779716 ] } },
{ "type": "Feature", "properties": { "Site_ID": "NULL", "PlotName": "jbw2a", "Name": "jbw2anw", "Code": "jbw", "Latitude": "-33.899685", "Longitude": "115.706756" }, "geometry": { "type": "Point", "coordinates": [ 115.706755997199281, -33.899685226688824 ] } },
{ "type": "Feature", "properties": { "Site_ID": "NULL", "PlotName": "jbw2a", "Name": "jbw2asw", "Code": "jbw", "Latitude": "-33.900593", "Longitude": "115.706742" }, "geometry": { "type": "Point", "coordinates": [ 115.706741911401622, -33.900592994259824 ] } },
{ "type": "Feature", "properties": { "Site_ID": "NULL", "PlotName": "jbw2a", "Name": "jbw2acen", "Code": "jbw", "Latitude": "-33.900148", "Longitude": "115.707285" }, "geometry": { "type": "Point", "coordinates": [ 115.707285372544362, -33.900148240491141 ] } },
{ "type": "Feature", "properties": { "Site_ID": "NULL", "PlotName": "jbw2a", "Name": "jbw2ase", "Code": "jbw", "Latitude": "-33.900600", "Longitude": "115.707816" }, "geometry": { "type": "Point", "coordinates": [ 115.707815732480086, -33.900600133937274 ] } },
{ "type": "Feature", "properties": { "Site_ID": "NULL", "PlotName": "jbw6a", "Name": "jbw6anw", "Code": "jbw", "Latitude": "-34.224676", "Longitude": "115.561832" }, "geometry": { "type": "Point", "coordinates": [ 115.5618320449706, -34.224675750509213 ] } },
{ "type": "Feature", "properties": { "Site_ID": "NULL", "PlotName": "jbw6a", "Name": "jbw6asw", "Code": "jbw", "Latitude": "-34.225579", "Longitude": "115.561825" }, "geometry": { "type": "Point", "coordinates": [ 115.561825241310828, -34.22557918282655 ] } },
{ "type": "Feature", "properties": { "Site_ID": "NULL", "PlotName": "jbw6a", "Name": "jbw6ase", "Code": "jbw", "Latitude": "-34.225586", "Longitude": "115.562906" }, "geometry": { "type": "Point", "coordinates": [ 115.562906133526326, -34.225586193369793 ] } },
{ "type": "Feature", "properties": { "Site_ID": "NULL", "PlotName": "jbw6a", "Name": "jbw6acen", "Code": "jbw", "Latitude": "-34.225129", "Longitude": "115.562371" }, "geometry": { "type": "Point", "coordinates": [ 115.562371264953157, -34.225128622481513 ] } },
{ "type": "Feature", "properties": { "Site_ID": "NULL", "PlotName": "jbw6a", "Name": "jbw6ane", "Code": "jbw", "Latitude": "-34.224684", "Longitude": "115.562924" }, "geometry": { "type": "Point", "coordinates": [ 115.562923615288781, -34.224684247635516 ] } },
{ "type": "Feature", "properties": { "Site_ID": "NULL", "PlotName": "jbw6c", "Name": "jbw6cnw", "Code": "jbw", "Latitude": "-34.235260", "Longitude": "115.553924" }, "geometry": { "type": "Point", "coordinates": [ 115.553924042017627, -34.235259761929903 ] } },
{ "type": "Feature", "properties": { "Site_ID": "NULL", "PlotName": "jbw6c", "Name": "jbw6cne", "Code": "jbw", "Latitude": "-34.235266", "Longitude": "115.555008" }, "geometry": { "type": "Point", "coordinates": [ 115.555008147838379, -34.235265646336906 ] } },
{ "type": "Feature", "properties": { "Site_ID": "NULL", "PlotName": "jbw6c", "Name": "jbw6cse", "Code": "jbw", "Latitude": "-34.236182", "Longitude": "115.554995" }, "geometry": { "type": "Point", "coordinates": [ 115.554995379015523, -34.23618192758105 ] } },
{ "type": "Feature", "properties": { "Site_ID": "NULL", "PlotName": "jbw6c", "Name": "jbw6csw", "Code": "jbw", "Latitude": "-34.236164", "Longitude": "115.553913" }, "geometry": { "type": "Point", "coordinates": [ 115.553913351163473, -34.236164317595602 ] } },
{ "type": "Feature", "properties": { "Site_ID": "NULL", "PlotName": "jbw6c", "Name": "jbw6ccen", "Code": "jbw", "Latitude": "-34.235718", "Longitude": "115.554461" }, "geometry": { "type": "Point", "coordinates": [ 115.554460919085457, -34.235717618357661 ] } },
{ "type": "Feature", "properties": { "Site_ID": "NULL", "PlotName": "jbw6b", "Name": "jbw6bse", "Code": "jbw", "Latitude": "-34.229871", "Longitude": "115.554163" }, "geometry": { "type": "Point", "coordinates": [ 115.554162614898658, -34.229870822923097 ] } },
{ "type": "Feature", "properties": { "Site_ID": "NULL", "PlotName": "jbw6b", "Name": "jbw6bsw", "Code": "jbw", "Latitude": "-34.229848", "Longitude": "115.553070" }, "geometry": { "type": "Point", "coordinates": [ 115.553070343423286, -34.229848135173157 ] } },
{ "type": "Feature", "properties": { "Site_ID": "NULL", "PlotName": "jbw6b", "Name": "jbw6bnw", "Code": "jbw", "Latitude": "-34.228952", "Longitude": "115.553083" }, "geometry": { "type": "Point", "coordinates": [ 115.553083374906038, -34.228951785332661 ] } },
{ "type": "Feature", "properties": { "Site_ID": "NULL", "PlotName": "jbw6b", "Name": "jbw6bcen", "Code": "jbw", "Latitude": "-34.229411", "Longitude": "115.553629" }, "geometry": { "type": "Point", "coordinates": [ 115.553629117585174, -34.229410525365722 ] } },
{ "type": "Feature", "properties": { "Site_ID": "NULL", "PlotName": "jbw6b", "Name": "jbw6bne", "Code": "jbw", "Latitude": "-34.228967", "Longitude": "115.554177" }, "geometry": { "type": "Point", "coordinates": [ 115.554176985043782, -34.228966616300653 ] } },
{ "type": "Feature", "properties": { "Site_ID": "NULL", "PlotName": "jse7a", "Name": "jse7anw", "Code": "jse", "Latitude": "-34.085987", "Longitude": "116.005489" }, "geometry": { "type": "Point", "coordinates": [ 116.005489138064505, -34.08598672397963 ] } },
{ "type": "Feature", "properties": { "Site_ID": "NULL", "PlotName": "jse7a", "Name": "jse7ase", "Code": "jse", "Latitude": "-34.086924", "Longitude": "116.006546" }, "geometry": { "type": "Point", "coordinates": [ 116.0065458007291, -34.086924345409166 ] } },
{ "type": "Feature", "properties": { "Site_ID": "NULL", "PlotName": "jse7a", "Name": "jse7acen", "Code": "jse", "Latitude": "-34.086458", "Longitude": "116.006035" }, "geometry": { "type": "Point", "coordinates": [ 116.006035172398583, -34.086457820884398 ] } },
{ "type": "Feature", "properties": { "Site_ID": "NULL", "PlotName": "jse7a", "Name": "jse7asw", "Code": "jse", "Latitude": "-34.086882", "Longitude": "116.005462" }, "geometry": { "type": "Point", "coordinates": [ 116.005461911141822, -34.086882100342073 ] } },
{ "type": "Feature", "properties": { "Site_ID": "NULL", "PlotName": "jse7a", "Name": "jse7ane", "Code": "jse", "Latitude": "-34.085997", "Longitude": "116.006576" }, "geometry": { "type": "Point", "coordinates": [ 116.006575784723225, -34.085997030191066 ] } },
{ "type": "Feature", "properties": { "Site_ID": "NULL", "PlotName": "jse7c", "Name": "jse7csw", "Code": "jse", "Latitude": "-34.091559", "Longitude": "116.027218" }, "geometry": { "type": "Point", "coordinates": [ 116.027218328052413, -34.091559461613514 ] } },
{ "type": "Feature", "properties": { "Site_ID": "NULL", "PlotName": "jse7c", "Name": "jse7cnw", "Code": "jse", "Latitude": "-34.090661", "Longitude": "116.027220" }, "geometry": { "type": "Point", "coordinates": [ 116.027219647888174, -34.090661402768731 ] } },
{ "type": "Feature", "properties": { "Site_ID": "NULL", "PlotName": "jse7c", "Name": "jse7ccen", "Code": "jse", "Latitude": "-34.091149", "Longitude": "116.027735" }, "geometry": { "type": "Point", "coordinates": [ 116.027734504029524, -34.09114885930012 ] } },
{ "type": "Feature", "properties": { "Site_ID": "NULL", "PlotName": "jse7c", "Name": "jse7cse", "Code": "jse", "Latitude": "-34.091579", "Longitude": "116.028299" }, "geometry": { "type": "Point", "coordinates": [ 116.028299031795058, -34.091578601674719 ] } },
{ "type": "Feature", "properties": { "Site_ID": "NULL", "PlotName": "jse7c", "Name": "jse7cne", "Code": "jse", "Latitude": "-34.090672", "Longitude": "116.028303" }, "geometry": { "type": "Point", "coordinates": [ 116.028303281331858, -34.090672070645915 ] } },
{ "type": "Feature", "properties": { "Site_ID": "NULL", "PlotName": "jse7b", "Name": "jse7bsw", "Code": "jse", "Latitude": "-34.093006", "Longitude": "116.029732" }, "geometry": { "type": "Point", "coordinates": [ 116.029732249601224, -34.09300598282703 ] } },
{ "type": "Feature", "properties": { "Site_ID": "NULL", "PlotName": "jse7b", "Name": "jse7bse", "Code": "jse", "Latitude": "-34.092995", "Longitude": "116.030823" }, "geometry": { "type": "Point", "coordinates": [ 116.030822759175308, -34.092994849757424 ] } },
{ "type": "Feature", "properties": { "Site_ID": "NULL", "PlotName": "jse7b", "Name": "jse7bcen", "Code": "jse", "Latitude": "-34.092542", "Longitude": "116.030299" }, "geometry": { "type": "Point", "coordinates": [ 116.03029923311793, -34.09254176947929 ] } },
{ "type": "Feature", "properties": { "Site_ID": "NULL", "PlotName": "jse7b", "Name": "jse7bne", "Code": "jse", "Latitude": "-34.092110", "Longitude": "116.030830" }, "geometry": { "type": "Point", "coordinates": [ 116.030830322078316, -34.092109709087076 ] } },
{ "type": "Feature", "properties": { "Site_ID": "NULL", "PlotName": "jse7b", "Name": "jse7bnw", "Code": "jse", "Latitude": "-34.092100", "Longitude": "116.029750" }, "geometry": { "type": "Point", "coordinates": [ 116.029750443341143, -34.09210024732954 ] } },
{ "type": "Feature", "properties": { "Site_ID": "NULL", "PlotName": "jse6a", "Name": "jse6anw", "Code": "jse", "Latitude": "-34.075626", "Longitude": "116.326707" }, "geometry": { "type": "Point", "coordinates": [ 116.326707353107949, -34.075625650411389 ] } },
{ "type": "Feature", "properties": { "Site_ID": "NULL", "PlotName": "jse6a", "Name": "jse6ane", "Code": "jse", "Latitude": "-34.075629", "Longitude": "116.327796" }, "geometry": { "type": "Point", "coordinates": [ 116.327795845381615, -34.075629309715012 ] } },
{ "type": "Feature", "properties": { "Site_ID": "NULL", "PlotName": "jse6a", "Name": "jse6ase", "Code": "jse", "Latitude": "-34.076533", "Longitude": "116.327784" }, "geometry": { "type": "Point", "coordinates": [ 116.327783603730708, -34.076532714632862 ] } },
{ "type": "Feature", "properties": { "Site_ID": "NULL", "PlotName": "jse6a", "Name": "jse6acen", "Code": "jse", "Latitude": "-34.076080", "Longitude": "116.327245" }, "geometry": { "type": "Point", "coordinates": [ 116.327245130461051, -34.076079650759262 ] } },
{ "type": "Feature", "properties": { "Site_ID": "NULL", "PlotName": "jse6a", "Name": "jse6asw", "Code": "jse", "Latitude": "-34.076528", "Longitude": "116.326700" }, "geometry": { "type": "Point", "coordinates": [ 116.326699685145869, -34.076527592140934 ] } },
{ "type": "Feature", "properties": { "Site_ID": "NULL", "PlotName": "jse6b", "Name": "jse6bnw", "Code": "jse", "Latitude": "-34.088726", "Longitude": "116.367542" }, "geometry": { "type": "Point", "coordinates": [ 116.367541787980599, -34.088725938029242 ] } },
{ "type": "Feature", "properties": { "Site_ID": "NULL", "PlotName": "jse6b", "Name": "jse6bne", "Code": "jse", "Latitude": "-34.088731", "Longitude": "116.368625" }, "geometry": { "type": "Point", "coordinates": [ 116.368625216464025, -34.088731185664741 ] } },
{ "type": "Feature", "properties": { "Site_ID": "NULL", "PlotName": "jse6b", "Name": "jse6bcen", "Code": "jse", "Latitude": "-34.089180", "Longitude": "116.368080" }, "geometry": { "type": "Point", "coordinates": [ 116.368079837060563, -34.08917953651877 ] } },
{ "type": "Feature", "properties": { "Site_ID": "NULL", "PlotName": "jse6b", "Name": "jse6bse", "Code": "jse", "Latitude": "-34.089634", "Longitude": "116.368619" }, "geometry": { "type": "Point", "coordinates": [ 116.368619091500008, -34.089633616832984 ] } },
{ "type": "Feature", "properties": { "Site_ID": "NULL", "PlotName": "jse6b", "Name": "jse6bsw", "Code": "jse", "Latitude": "-34.089629", "Longitude": "116.367537" }, "geometry": { "type": "Point", "coordinates": [ 116.367536613475451, -34.089628743728277 ] } },
{ "type": "Feature", "properties": { "Site_ID": "NULL", "PlotName": "jse6c", "Name": "jse6cse", "Code": "jse", "Latitude": "-34.084831", "Longitude": "116.358923" }, "geometry": { "type": "Point", "coordinates": [ 116.358923329253514, -34.084831401203672 ] } },
{ "type": "Feature", "properties": { "Site_ID": "NULL", "PlotName": "jse6c", "Name": "jse6csw", "Code": "jse", "Latitude": "-34.084825", "Longitude": "116.357840" }, "geometry": { "type": "Point", "coordinates": [ 116.357839644459602, -34.084825228247006 ] } },
{ "type": "Feature", "properties": { "Site_ID": "NULL", "PlotName": "jse6c", "Name": "jse6cnw", "Code": "jse", "Latitude": "-34.083924", "Longitude": "116.357845" }, "geometry": { "type": "Point", "coordinates": [ 116.357844854920998, -34.083923965259359 ] } },
{ "type": "Feature", "properties": { "Site_ID": "NULL", "PlotName": "jse6c", "Name": "jse6ccen", "Code": "jse", "Latitude": "-34.084377", "Longitude": "116.358384" }, "geometry": { "type": "Point", "coordinates": [ 116.358384490051634, -34.084377280655382 ] } },
{ "type": "Feature", "properties": { "Site_ID": "NULL", "PlotName": "jse6c", "Name": "jse6cne", "Code": "jse", "Latitude": "-34.083929", "Longitude": "116.358930" }, "geometry": { "type": "Point", "coordinates": [ 116.3589298219147, -34.083929197837662 ] } },
{ "type": "Feature", "properties": { "Site_ID": "NULL", "PlotName": "jse4b", "Name": "jse4bse", "Code": "jse", "Latitude": "-34.484885", "Longitude": "115.823801" }, "geometry": { "type": "Point", "coordinates": [ 115.823800966419313, -34.484885469652838 ] } },
{ "type": "Feature", "properties": { "Site_ID": "NULL", "PlotName": "jse4b", "Name": "jse4bne", "Code": "jse", "Latitude": "-34.483985", "Longitude": "115.823816" }, "geometry": { "type": "Point", "coordinates": [ 115.823816245250029, -34.483984829718707 ] } },
{ "type": "Feature", "properties": { "Site_ID": "NULL", "PlotName": "jse4b", "Name": "jse4bnw", "Code": "jse", "Latitude": "-34.483975", "Longitude": "115.822726" }, "geometry": { "type": "Point", "coordinates": [ 115.822725545385467, -34.483975200934786 ] } },
{ "type": "Feature", "properties": { "Site_ID": "NULL", "PlotName": "jse4b", "Name": "jse4bsw", "Code": "jse", "Latitude": "-34.484876", "Longitude": "115.822715" }, "geometry": { "type": "Point", "coordinates": [ 115.822714853495881, -34.484875623292368 ] } },
{ "type": "Feature", "properties": { "Site_ID": "NULL", "PlotName": "jse4b", "Name": "jse4bcen", "Code": "jse", "Latitude": "-34.484431", "Longitude": "115.823265" }, "geometry": { "type": "Point", "coordinates": [ 115.823265320815736, -34.484430581785325 ] } },
{ "type": "Feature", "properties": { "Site_ID": "NULL", "PlotName": "jse4c", "Name": "jse4cse", "Code": "jse", "Latitude": "-34.483359", "Longitude": "115.832302" }, "geometry": { "type": "Point", "coordinates": [ 115.832301627429146, -34.483359282511181 ] } },
{ "type": "Feature", "properties": { "Site_ID": "NULL", "PlotName": "jse4c", "Name": "jse4cne", "Code": "jse", "Latitude": "-34.482451", "Longitude": "115.832309" }, "geometry": { "type": "Point", "coordinates": [ 115.832309335429869, -34.482450641549967 ] } },
{ "type": "Feature", "properties": { "Site_ID": "NULL", "PlotName": "jse4c", "Name": "jse4ccen", "Code": "jse", "Latitude": "-34.482895", "Longitude": "115.831759" }, "geometry": { "type": "Point", "coordinates": [ 115.831759340188924, -34.482894845411494 ] } },
{ "type": "Feature", "properties": { "Site_ID": "NULL", "PlotName": "jse4c", "Name": "jse4cnw", "Code": "jse", "Latitude": "-34.482440", "Longitude": "115.831223" }, "geometry": { "type": "Point", "coordinates": [ 115.831222909108121, -34.482439605723648 ] } },
{ "type": "Feature", "properties": { "Site_ID": "NULL", "PlotName": "jse4c", "Name": "jse4csw", "Code": "jse", "Latitude": "-34.483341", "Longitude": "115.831209" }, "geometry": { "type": "Point", "coordinates": [ 115.83120938243961, -34.483340625128669 ] } },
{ "type": "Feature", "properties": { "Site_ID": "NULL", "PlotName": "jse4a", "Name": "jse4anw", "Code": "jse", "Latitude": "-34.481762", "Longitude": "115.839178" }, "geometry": { "type": "Point", "coordinates": [ 115.839178303502905, -34.481762202966635 ] } },
{ "type": "Feature", "properties": { "Site_ID": "NULL", "PlotName": "jse4a", "Name": "jse4ane", "Code": "jse", "Latitude": "-34.481796", "Longitude": "115.840223" }, "geometry": { "type": "Point", "coordinates": [ 115.840223098695034, -34.481796353708745 ] } },
{ "type": "Feature", "properties": { "Site_ID": "NULL", "PlotName": "jse4a", "Name": "jse4ase", "Code": "jse", "Latitude": "-34.482661", "Longitude": "115.840224" }, "geometry": { "type": "Point", "coordinates": [ 115.840223783631544, -34.482661088282839 ] } },
{ "type": "Feature", "properties": { "Site_ID": "NULL", "PlotName": "jse4a", "Name": "jse4acen", "Code": "jse", "Latitude": "-34.482212", "Longitude": "115.839693" }, "geometry": { "type": "Point", "coordinates": [ 115.839692998938204, -34.482211628956563 ] } },
{ "type": "Feature", "properties": { "Site_ID": "NULL", "PlotName": "jse4a", "Name": "jse4asw", "Code": "jse", "Latitude": "-34.482661", "Longitude": "115.839088" }, "geometry": { "type": "Point", "coordinates": [ 115.839088165009983, -34.482660927400026 ] } },
{ "type": "Feature", "properties": { "Site_ID": "NULL", "PlotName": "kar1a", "Name": "kar1ase", "Code": "kar", "Latitude": "-34.687193", "Longitude": "116.244878" }, "geometry": { "type": "Point", "coordinates": [ 116.244878097091643, -34.68719293062756 ] } },
{ "type": "Feature", "properties": { "Site_ID": "NULL", "PlotName": "kar1a", "Name": "kar1acen", "Code": "kar", "Latitude": "-34.686746", "Longitude": "116.244390" }, "geometry": { "type": "Point", "coordinates": [ 116.244390256206174, -34.686746483282903 ] } },
{ "type": "Feature", "properties": { "Site_ID": "NULL", "PlotName": "kar1a", "Name": "kar1ane", "Code": "kar", "Latitude": "-34.686320", "Longitude": "116.244974" }, "geometry": { "type": "Point", "coordinates": [ 116.244974227751115, -34.68632046642999 ] } },
{ "type": "Feature", "properties": { "Site_ID": "NULL", "PlotName": "jse3b", "Name": "jse3bnw", "Code": "jse", "Latitude": "-34.297900", "Longitude": "116.537471" }, "geometry": { "type": "Point", "coordinates": [ 116.537471027207872, -34.29789979076731 ] } },
{ "type": "Feature", "properties": { "Site_ID": "NULL", "PlotName": "jse3b", "Name": "jse3bne", "Code": "jse", "Latitude": "-34.297893", "Longitude": "116.538576" }, "geometry": { "type": "Point", "coordinates": [ 116.538576087556237, -34.297892783957614 ] } },
{ "type": "Feature", "properties": { "Site_ID": "NULL", "PlotName": "jse3b", "Name": "jse3bse", "Code": "jse", "Latitude": "-34.298808", "Longitude": "116.538553" }, "geometry": { "type": "Point", "coordinates": [ 116.538552871700475, -34.298807745794022 ] } },
{ "type": "Feature", "properties": { "Site_ID": "NULL", "PlotName": "jse3b", "Name": "jse3bcen", "Code": "jse", "Latitude": "-34.298332", "Longitude": "116.538038" }, "geometry": { "type": "Point", "coordinates": [ 116.538037536639649, -34.298332086591628 ] } },
{ "type": "Feature", "properties": { "Site_ID": "NULL", "PlotName": "jse3b", "Name": "jse3bsw", "Code": "jse", "Latitude": "-34.298810", "Longitude": "116.537460" }, "geometry": { "type": "Point", "coordinates": [ 116.537459681231638, -34.298809954289538 ] } },
{ "type": "Feature", "properties": { "Site_ID": "NULL", "PlotName": "jse3a", "Name": "jse3asw", "Code": "jse", "Latitude": "-34.290750", "Longitude": "116.538017" }, "geometry": { "type": "Point", "coordinates": [ 116.538016963837379, -34.290749770866476 ] } },
{ "type": "Feature", "properties": { "Site_ID": "NULL", "PlotName": "jse3a", "Name": "jse3ase", "Code": "jse", "Latitude": "-34.290754", "Longitude": "116.539103" }, "geometry": { "type": "Point", "coordinates": [ 116.539102954025154, -34.290753644319508 ] } },
{ "type": "Feature", "properties": { "Site_ID": "NULL", "PlotName": "jse3a", "Name": "jse3ane", "Code": "jse", "Latitude": "-34.289852", "Longitude": "116.539108" }, "geometry": { "type": "Point", "coordinates": [ 116.539107682789506, -34.289851805506764 ] } },
{ "type": "Feature", "properties": { "Site_ID": "NULL", "PlotName": "jse3a", "Name": "jse3acen", "Code": "jse", "Latitude": "-34.290301", "Longitude": "116.538566" }, "geometry": { "type": "Point", "coordinates": [ 116.538565708855259, -34.290301153896387 ] } },
{ "type": "Feature", "properties": { "Site_ID": "NULL", "PlotName": "jse3a", "Name": "jse3anw", "Code": "jse", "Latitude": "-34.289848", "Longitude": "116.538021" }, "geometry": { "type": "Point", "coordinates": [ 116.538020726671007, -34.289847865375137 ] } },
{ "type": "Feature", "properties": { "Site_ID": "NULL", "PlotName": "jse3c", "Name": "jse3csw", "Code": "jse", "Latitude": "-34.285483", "Longitude": "116.538197" }, "geometry": { "type": "Point", "coordinates": [ 116.538197014675845, -34.285483322988284 ] } },
{ "type": "Feature", "properties": { "Site_ID": "NULL", "PlotName": "jse3c", "Name": "jse3cse", "Code": "jse", "Latitude": "-34.285487", "Longitude": "116.539283" }, "geometry": { "type": "Point", "coordinates": [ 116.539283460519911, -34.285486853566965 ] } },
{ "type": "Feature", "properties": { "Site_ID": "NULL", "PlotName": "jse3c", "Name": "jse3cne", "Code": "jse", "Latitude": "-34.284586", "Longitude": "116.539289" }, "geometry": { "type": "Point", "coordinates": [ 116.539289082060009, -34.284586135603504 ] } },
{ "type": "Feature", "properties": { "Site_ID": "NULL", "PlotName": "jse3c", "Name": "jse3ccen", "Code": "jse", "Latitude": "-34.285041", "Longitude": "116.538756" }, "geometry": { "type": "Point", "coordinates": [ 116.538756491860639, -34.285040570954145 ] } },
{ "type": "Feature", "properties": { "Site_ID": "NULL", "PlotName": "jse3c", "Name": "jse3cnw", "Code": "jse", "Latitude": "-34.284581", "Longitude": "116.538203" }, "geometry": { "type": "Point", "coordinates": [ 116.538202653922767, -34.284581486910746 ] } },
{ "type": "Feature", "properties": { "Site_ID": "NULL", "PlotName": "tgl1a", "Name": "tgl1ase", "Code": "tgl", "Latitude": "-34.815491", "Longitude": "116.620755" }, "geometry": { "type": "Point", "coordinates": [ 116.620754761458741, -34.815490721386517 ] } },
{ "type": "Feature", "properties": { "Site_ID": "NULL", "PlotName": "tgl1a", "Name": "tgl1ane", "Code": "tgl", "Latitude": "-34.814589", "Longitude": "116.620759" }, "geometry": { "type": "Point", "coordinates": [ 116.620759255012388, -34.814588808346457 ] } },
{ "type": "Feature", "properties": { "Site_ID": "NULL", "PlotName": "tgl1a", "Name": "tgl1asw", "Code": "tgl", "Latitude": "-34.815488", "Longitude": "116.619660" }, "geometry": { "type": "Point", "coordinates": [ 116.619660444163287, -34.815487558263165 ] } },
{ "type": "Feature", "properties": { "Site_ID": "NULL", "PlotName": "tgl1a", "Name": "tgl1acen", "Code": "tgl", "Latitude": "-34.815037", "Longitude": "116.620209" }, "geometry": { "type": "Point", "coordinates": [ 116.620209425481022, -34.815037137200974 ] } },
{ "type": "Feature", "properties": { "Site_ID": "NULL", "PlotName": "tgl1a", "Name": "tgl1anw", "Code": "tgl", "Latitude": "-34.814584", "Longitude": "116.619665" }, "geometry": { "type": "Point", "coordinates": [ 116.619665469831176, -34.814584276283924 ] } },
{ "type": "Feature", "properties": { "Site_ID": "NULL", "PlotName": "tgl1b", "Name": "tgl1bse", "Code": "tgl", "Latitude": "-34.816377", "Longitude": "116.646941" }, "geometry": { "type": "Point", "coordinates": [ 116.646941426412269, -34.816377078504736 ] } },
{ "type": "Feature", "properties": { "Site_ID": "NULL", "PlotName": "tgl1b", "Name": "tgl1bne", "Code": "tgl", "Latitude": "-34.815476", "Longitude": "116.646946" }, "geometry": { "type": "Point", "coordinates": [ 116.64694553463967, -34.815475559362753 ] } },
{ "type": "Feature", "properties": { "Site_ID": "NULL", "PlotName": "tgl1b", "Name": "tgl1bnw", "Code": "tgl", "Latitude": "-34.815471", "Longitude": "116.645854" }, "geometry": { "type": "Point", "coordinates": [ 116.645853636074762, -34.815471412428629 ] } },
{ "type": "Feature", "properties": { "Site_ID": "NULL", "PlotName": "tgl1b", "Name": "tgl1bcen", "Code": "tgl", "Latitude": "-34.815925", "Longitude": "116.646399" }, "geometry": { "type": "Point", "coordinates": [ 116.64639881867636, -34.815925485849839 ] } },
{ "type": "Feature", "properties": { "Site_ID": "NULL", "PlotName": "tgl1b", "Name": "tgl1bsw", "Code": "tgl", "Latitude": "-34.816376", "Longitude": "116.645848" }, "geometry": { "type": "Point", "coordinates": [ 116.645847688271047, -34.816375874915899 ] } },
{ "type": "Feature", "properties": { "Site_ID": "NULL", "PlotName": "tgl2b", "Name": "tgl2bne", "Code": "tgl", "Latitude": "-34.813571", "Longitude": "116.889334" }, "geometry": { "type": "Point", "coordinates": [ 116.889333576828065, -34.813570807585009 ] } },
{ "type": "Feature", "properties": { "Site_ID": "NULL", "PlotName": "tgl2b", "Name": "tgl2bnw", "Code": "tgl", "Latitude": "-34.813570", "Longitude": "116.888237" }, "geometry": { "type": "Point", "coordinates": [ 116.888236956038554, -34.813570481649968 ] } },
{ "type": "Feature", "properties": { "Site_ID": "NULL", "PlotName": "tgl2b", "Name": "tgl2bsw", "Code": "tgl", "Latitude": "-34.814469", "Longitude": "116.888234" }, "geometry": { "type": "Point", "coordinates": [ 116.88823404859599, -34.814468543912639 ] } },
{ "type": "Feature", "properties": { "Site_ID": "NULL", "PlotName": "tgl2b", "Name": "tgl2bse", "Code": "tgl", "Latitude": "-34.814470", "Longitude": "116.889328" }, "geometry": { "type": "Point", "coordinates": [ 116.889327990202432, -34.814469841361692 ] } },
{ "type": "Feature", "properties": { "Site_ID": "NULL", "PlotName": "tgl2b", "Name": "tgl2bcen", "Code": "tgl", "Latitude": "-34.814020", "Longitude": "116.888785" }, "geometry": { "type": "Point", "coordinates": [ 116.888784842823256, -34.814020173925904 ] } },
{ "type": "Feature", "properties": { "Site_ID": "NULL", "PlotName": "tgl2a", "Name": "tgl2ane", "Code": "tgl", "Latitude": "-34.809551", "Longitude": "116.868609" }, "geometry": { "type": "Point", "coordinates": [ 116.868608948321963, -34.809550712536172 ] } },
{ "type": "Feature", "properties": { "Site_ID": "NULL", "PlotName": "tgl2a", "Name": "tgl2anw", "Code": "tgl", "Latitude": "-34.809582", "Longitude": "116.867524" }, "geometry": { "type": "Point", "coordinates": [ 116.86752436851971, -34.809581847149992 ] } },
{ "type": "Feature", "properties": { "Site_ID": "NULL", "PlotName": "tgl2a", "Name": "tgl2asw", "Code": "tgl", "Latitude": "-34.810472", "Longitude": "116.867531" }, "geometry": { "type": "Point", "coordinates": [ 116.867530652167815, -34.81047198368087 ] } },
{ "type": "Feature", "properties": { "Site_ID": "NULL", "PlotName": "tgl2a", "Name": "tgl2acen", "Code": "tgl", "Latitude": "-34.810027", "Longitude": "116.868085" }, "geometry": { "type": "Point", "coordinates": [ 116.868085101895176, -34.81002680424136 ] } },
{ "type": "Feature", "properties": { "Site_ID": "NULL", "PlotName": "tgl2a", "Name": "tgl2ase", "Code": "tgl", "Latitude": "-34.810478", "Longitude": "116.868609" }, "geometry": { "type": "Point", "coordinates": [ 116.868608734069042, -34.810477877769415 ] } },
{ "type": "Feature", "properties": { "Site_ID": "NULL", "PlotName": "tgl3a", "Name": "tgl3ane", "Code": "tgl", "Latitude": "-34.971935", "Longitude": "116.804000" }, "geometry": { "type": "Point", "coordinates": [ 116.804000207419492, -34.971934746630765 ] } },
{ "type": "Feature", "properties": { "Site_ID": "NULL", "PlotName": "tgl3a", "Name": "tgl3acen", "Code": "tgl", "Latitude": "-34.972390", "Longitude": "116.803450" }, "geometry": { "type": "Point", "coordinates": [ 116.803450200847266, -34.972389879898991 ] } },
{ "type": "Feature", "properties": { "Site_ID": "NULL", "PlotName": "tgl3a", "Name": "tgl3ase", "Code": "tgl", "Latitude": "-34.972853", "Longitude": "116.803991" }, "geometry": { "type": "Point", "coordinates": [ 116.803990691470105, -34.972852853437551 ] } },
{ "type": "Feature", "properties": { "Site_ID": "NULL", "PlotName": "tgl3a", "Name": "tgl3asw", "Code": "tgl", "Latitude": "-34.972835", "Longitude": "116.802829" }, "geometry": { "type": "Point", "coordinates": [ 116.802828762331274, -34.972835381248871 ] } },
{ "type": "Feature", "properties": { "Site_ID": "NULL", "PlotName": "tgl3a", "Name": "tgl3anw", "Code": "tgl", "Latitude": "-34.971928", "Longitude": "116.802905" }, "geometry": { "type": "Point", "coordinates": [ 116.80290481659263, -34.971928095310467 ] } },
{ "type": "Feature", "properties": { "Site_ID": "NULL", "PlotName": "tgl3b", "Name": "tgl3bsw", "Code": "tgl", "Latitude": "-34.979926", "Longitude": "116.818582" }, "geometry": { "type": "Point", "coordinates": [ 116.818582493767195, -34.979926372021289 ] } },
{ "type": "Feature", "properties": { "Site_ID": "NULL", "PlotName": "tgl3b", "Name": "tgl3bcen", "Code": "tgl", "Latitude": "-34.979478", "Longitude": "116.819115" }, "geometry": { "type": "Point", "coordinates": [ 116.81911460605761, -34.979477636638457 ] } },
{ "type": "Feature", "properties": { "Site_ID": "NULL", "PlotName": "tgl3b", "Name": "tgl3bne", "Code": "tgl", "Latitude": "-34.979061", "Longitude": "116.819665" }, "geometry": { "type": "Point", "coordinates": [ 116.819664818644398, -34.979060703283835 ] } },
{ "type": "Feature", "properties": { "Site_ID": "NULL", "PlotName": "tgl3b", "Name": "tgl3bse", "Code": "tgl", "Latitude": "-34.979925", "Longitude": "116.819670" }, "geometry": { "type": "Point", "coordinates": [ 116.819669705675821, -34.979924979666521 ] } },
{ "type": "Feature", "properties": { "Site_ID": "NULL", "PlotName": "tgl3b", "Name": "tgl3bnw", "Code": "tgl", "Latitude": "-34.979021", "Longitude": "116.818582" }, "geometry": { "type": "Point", "coordinates": [ 116.818582112363785, -34.979021316385499 ] } },
{ "type": "Feature", "properties": { "Site_ID": "NULL", "PlotName": "jse5c", "Name": "jse5cne", "Code": "jse", "Latitude": "-34.517012", "Longitude": "116.523073" }, "geometry": { "type": "Point", "coordinates": [ 116.523072719497719, -34.517011530350928 ] } },
{ "type": "Feature", "properties": { "Site_ID": "NULL", "PlotName": "jse5c", "Name": "jse5cnw", "Code": "jse", "Latitude": "-34.516997", "Longitude": "116.522000" }, "geometry": { "type": "Point", "coordinates": [ 116.521999879602319, -34.516997047364285 ] } },
{ "type": "Feature", "properties": { "Site_ID": "NULL", "PlotName": "jse5c", "Name": "jse5ccen", "Code": "jse", "Latitude": "-34.517434", "Longitude": "116.522549" }, "geometry": { "type": "Point", "coordinates": [ 116.522549073719389, -34.517434000209569 ] } },
{ "type": "Feature", "properties": { "Site_ID": "NULL", "PlotName": "jse5c", "Name": "jse5csw", "Code": "jse", "Latitude": "-34.517902", "Longitude": "116.522007" }, "geometry": { "type": "Point", "coordinates": [ 116.522006793397452, -34.517902026155646 ] } },
{ "type": "Feature", "properties": { "Site_ID": "NULL", "PlotName": "jse5c", "Name": "jse5cse", "Code": "jse", "Latitude": "-34.517877", "Longitude": "116.523135" }, "geometry": { "type": "Point", "coordinates": [ 116.523134706894893, -34.517876638934339 ] } },
{ "type": "Feature", "properties": { "Site_ID": "NULL", "PlotName": "jse5a", "Name": "jse5anw", "Code": "jse", "Latitude": "-34.502342", "Longitude": "116.499618" }, "geometry": { "type": "Point", "coordinates": [ 116.499618315036358, -34.502341983762491 ] } },
{ "type": "Feature", "properties": { "Site_ID": "NULL", "PlotName": "jse5a", "Name": "jse5ane", "Code": "jse", "Latitude": "-34.502364", "Longitude": "116.500719" }, "geometry": { "type": "Point", "coordinates": [ 116.50071855412763, -34.502363754432253 ] } },
{ "type": "Feature", "properties": { "Site_ID": "NULL", "PlotName": "jse5a", "Name": "jse5ase", "Code": "jse", "Latitude": "-34.503265", "Longitude": "116.500715" }, "geometry": { "type": "Point", "coordinates": [ 116.500714652509188, -34.503264741437619 ] } },
{ "type": "Feature", "properties": { "Site_ID": "NULL", "PlotName": "jse5a", "Name": "jse5acen", "Code": "jse", "Latitude": "-34.502812", "Longitude": "116.500173" }, "geometry": { "type": "Point", "coordinates": [ 116.500172937855041, -34.502811993461883 ] } },
{ "type": "Feature", "properties": { "Site_ID": "NULL", "PlotName": "jse5a", "Name": "jse5asw", "Code": "jse", "Latitude": "-34.503260", "Longitude": "116.499623" }, "geometry": { "type": "Point", "coordinates": [ 116.49962331719648, -34.503260357883974 ] } },
{ "type": "Feature", "properties": { "Site_ID": "NULL", "PlotName": "jse5b", "Name": "jse5bnw", "Code": "jse", "Latitude": "-34.494651", "Longitude": "116.500768" }, "geometry": { "type": "Point", "coordinates": [ 116.500767573491274, -34.494650580936977 ] } },
{ "type": "Feature", "properties": { "Site_ID": "NULL", "PlotName": "jse5b", "Name": "jse5bne", "Code": "jse", "Latitude": "-34.494655", "Longitude": "116.501855" }, "geometry": { "type": "Point", "coordinates": [ 116.501854931146397, -34.494654784236054 ] } },
{ "type": "Feature", "properties": { "Site_ID": "NULL", "PlotName": "jse5b", "Name": "jse5bse", "Code": "jse", "Latitude": "-34.495558", "Longitude": "116.501851" }, "geometry": { "type": "Point", "coordinates": [ 116.50185109805507, -34.495557531268254 ] } },
{ "type": "Feature", "properties": { "Site_ID": "NULL", "PlotName": "jse5b", "Name": "jse5bcen", "Code": "jse", "Latitude": "-34.495104", "Longitude": "116.501308" }, "geometry": { "type": "Point", "coordinates": [ 116.50130813356003, -34.495104250797873 ] } },
{ "type": "Feature", "properties": { "Site_ID": "NULL", "PlotName": "jse5b", "Name": "jse5bsw", "Code": "jse", "Latitude": "-34.495553", "Longitude": "116.500762" }, "geometry": { "type": "Point", "coordinates": [ 116.50076197471455, -34.495553383794018 ] } },
{ "type": "Feature", "properties": { "Site_ID": "NULL", "PlotName": "jse1b", "Name": "jse1bnw", "Code": "jse", "Latitude": "-34.778742", "Longitude": "117.341942" }, "geometry": { "type": "Point", "coordinates": [ 117.34194208660287, -34.778741978064552 ] } },
{ "type": "Feature", "properties": { "Site_ID": "NULL", "PlotName": "jse1b", "Name": "jse1bsw", "Code": "jse", "Latitude": "-34.779642", "Longitude": "117.341945" }, "geometry": { "type": "Point", "coordinates": [ 117.341944642827713, -34.779642308395438 ] } },
{ "type": "Feature", "properties": { "Site_ID": "NULL", "PlotName": "jse1b", "Name": "jse1bse", "Code": "jse", "Latitude": "-34.779640", "Longitude": "117.343041" }, "geometry": { "type": "Point", "coordinates": [ 117.34304056814257, -34.779639630932117 ] } },
{ "type": "Feature", "properties": { "Site_ID": "NULL", "PlotName": "jse1b", "Name": "jse1bne", "Code": "jse", "Latitude": "-34.778738", "Longitude": "117.343035" }, "geometry": { "type": "Point", "coordinates": [ 117.343034715289392, -34.778737867115261 ] } },
{ "type": "Feature", "properties": { "Site_ID": "NULL", "PlotName": "jse1b", "Name": "jse1bcen", "Code": "jse", "Latitude": "-34.779190", "Longitude": "117.342490" }, "geometry": { "type": "Point", "coordinates": [ 117.342489923407229, -34.779190313738596 ] } },
{ "type": "Feature", "properties": { "Site_ID": "NULL", "PlotName": "jse1c", "Name": "jse1cnw", "Code": "jse", "Latitude": "-34.796563", "Longitude": "117.344866" }, "geometry": { "type": "Point", "coordinates": [ 117.344865890013523, -34.796563418309795 ] } },
{ "type": "Feature", "properties": { "Site_ID": "NULL", "PlotName": "jse1c", "Name": "jse1cne", "Code": "jse", "Latitude": "-34.796616", "Longitude": "117.345974" }, "geometry": { "type": "Point", "coordinates": [ 117.345973978597826, -34.796616237258121 ] } },
{ "type": "Feature", "properties": { "Site_ID": "NULL", "PlotName": "jse1c", "Name": "jse1ccen", "Code": "jse", "Latitude": "-34.797057", "Longitude": "117.345398" }, "geometry": { "type": "Point", "coordinates": [ 117.345397652601676, -34.797057044488355 ] } },
{ "type": "Feature", "properties": { "Site_ID": "NULL", "PlotName": "jse1c", "Name": "jse1cse", "Code": "jse", "Latitude": "-34.797487", "Longitude": "117.345948" }, "geometry": { "type": "Point", "coordinates": [ 117.34594772820769, -34.797486888253374 ] } },
{ "type": "Feature", "properties": { "Site_ID": "NULL", "PlotName": "jse1c", "Name": "jse1csw", "Code": "jse", "Latitude": "-34.797561", "Longitude": "117.344870" }, "geometry": { "type": "Point", "coordinates": [ 117.344870034090818, -34.797561249579964 ] } },
{ "type": "Feature", "properties": { "Site_ID": "NULL", "PlotName": "jse1a", "Name": "jse1asw", "Code": "jse", "Latitude": "-34.792398", "Longitude": "117.343800" }, "geometry": { "type": "Point", "coordinates": [ 117.343800471371125, -34.792397500295614 ] } },
{ "type": "Feature", "properties": { "Site_ID": "NULL", "PlotName": "jse1a", "Name": "jse1ase", "Code": "jse", "Latitude": "-34.792393", "Longitude": "117.344895" }, "geometry": { "type": "Point", "coordinates": [ 117.344894842023521, -34.79239312371103 ] } },
{ "type": "Feature", "properties": { "Site_ID": "NULL", "PlotName": "jse1a", "Name": "jse1ane", "Code": "jse", "Latitude": "-34.791493", "Longitude": "117.344891" }, "geometry": { "type": "Point", "coordinates": [ 117.344890658160651, -34.791493259938257 ] } },
{ "type": "Feature", "properties": { "Site_ID": "NULL", "PlotName": "jse1a", "Name": "jse1acen", "Code": "jse", "Latitude": "-34.791945", "Longitude": "117.344346" }, "geometry": { "type": "Point", "coordinates": [ 117.344346458197847, -34.791945279623008 ] } },
{ "type": "Feature", "properties": { "Site_ID": "NULL", "PlotName": "jse1a", "Name": "jse1anw", "Code": "jse", "Latitude": "-34.791496", "Longitude": "117.343798" }, "geometry": { "type": "Point", "coordinates": [ 117.343797615928565, -34.791496162813139 ] } },
{ "type": "Feature", "properties": { "Site_ID": "NULL", "PlotName": "jse2b", "Name": "jse2bnw", "Code": "jse", "Latitude": "-34.606782", "Longitude": "116.815656" }, "geometry": { "type": "Point", "coordinates": [ 116.815656341727859, -34.606782179901344 ] } },
{ "type": "Feature", "properties": { "Site_ID": "NULL", "PlotName": "jse2b", "Name": "jse2bsw", "Code": "jse", "Latitude": "-34.607684", "Longitude": "116.815654" }, "geometry": { "type": "Point", "coordinates": [ 116.815653650615971, -34.607683994678624 ] } },
{ "type": "Feature", "properties": { "Site_ID": "NULL", "PlotName": "jse2b", "Name": "jse2bse", "Code": "jse", "Latitude": "-34.607686", "Longitude": "116.816746" }, "geometry": { "type": "Point", "coordinates": [ 116.816745927547771, -34.607685784401951 ] } },
{ "type": "Feature", "properties": { "Site_ID": "NULL", "PlotName": "jse2b", "Name": "jse2bne", "Code": "jse", "Latitude": "-34.606783", "Longitude": "116.816747" }, "geometry": { "type": "Point", "coordinates": [ 116.816747070229908, -34.606783408138924 ] } },
{ "type": "Feature", "properties": { "Site_ID": "NULL", "PlotName": "jse2b", "Name": "jse2bcen", "Code": "jse", "Latitude": "-34.607232", "Longitude": "116.816197" }, "geometry": { "type": "Point", "coordinates": [ 116.816197428207317, -34.607231786420314 ] } },
{ "type": "Feature", "properties": { "Site_ID": "NULL", "PlotName": "jse2c", "Name": "jse2cnw", "Code": "jse", "Latitude": "-34.606914", "Longitude": "116.824435" }, "geometry": { "type": "Point", "coordinates": [ 116.824435413083492, -34.60691359763613 ] } },
{ "type": "Feature", "properties": { "Site_ID": "NULL", "PlotName": "jse2c", "Name": "jse2cne", "Code": "jse", "Latitude": "-34.606913", "Longitude": "116.825527" }, "geometry": { "type": "Point", "coordinates": [ 116.825526583921757, -34.60691289933569 ] } },
{ "type": "Feature", "properties": { "Site_ID": "NULL", "PlotName": "jse2c", "Name": "jse2cse", "Code": "jse", "Latitude": "-34.607816", "Longitude": "116.825523" }, "geometry": { "type": "Point", "coordinates": [ 116.825523245109338, -34.607815588306117 ] } },
{ "type": "Feature", "properties": { "Site_ID": "NULL", "PlotName": "jse2c", "Name": "jse2csw", "Code": "jse", "Latitude": "-34.607818", "Longitude": "116.824429" }, "geometry": { "type": "Point", "coordinates": [ 116.824428906219481, -34.607818256942984 ] } },
{ "type": "Feature", "properties": { "Site_ID": "NULL", "PlotName": "jse2c", "Name": "jse2ccen", "Code": "jse", "Latitude": "-34.607359", "Longitude": "116.824976" }, "geometry": { "type": "Point", "coordinates": [ 116.824976174401257, -34.607359241990508 ] } },
{ "type": "Feature", "properties": { "Site_ID": "NULL", "PlotName": "jse2a", "Name": "jse2anw", "Code": "jse", "Latitude": "-34.604094", "Longitude": "116.829267" }, "geometry": { "type": "Point", "coordinates": [ 116.829267164892201, -34.604093740222368 ] } },
{ "type": "Feature", "properties": { "Site_ID": "NULL", "PlotName": "jse2a", "Name": "jse2ane", "Code": "jse", "Latitude": "-34.604093", "Longitude": "116.830356" }, "geometry": { "type": "Point", "coordinates": [ 116.830356401151391, -34.604093059089365 ] } },
{ "type": "Feature", "properties": { "Site_ID": "NULL", "PlotName": "jse2a", "Name": "jse2ase", "Code": "jse", "Latitude": "-34.604997", "Longitude": "116.830353" }, "geometry": { "type": "Point", "coordinates": [ 116.830353416949421, -34.604997363409076 ] } },
{ "type": "Feature", "properties": { "Site_ID": "NULL", "PlotName": "jse2a", "Name": "jse2acen", "Code": "jse", "Latitude": "-34.604543", "Longitude": "116.829810" }, "geometry": { "type": "Point", "coordinates": [ 116.829810009084781, -34.604543262067928 ] } },
{ "type": "Feature", "properties": { "Site_ID": "NULL", "PlotName": "jse2a", "Name": "jse2asw", "Code": "jse", "Latitude": "-34.604996", "Longitude": "116.829265" }, "geometry": { "type": "Point", "coordinates": [ 116.829264861031106, -34.604995583531291 ] } }
]
}
